材料-魚介	サケ_部分	切り身
材料-魚介	サケ_部分	両面
材料-魚介	サケ_部分	皮
材料-魚介	サケ_部分	身
材料-魚介	サケ_部分	骨
材料-魚介	サケ_部分	アラ
材料-魚介	サケ_部分	あら
材料-魚介	サケ_部分	表面
材料-魚介	サケ_部分	ハラス
材料-魚介	サケ_部分	切身
材料-魚介	サケ_部分	白子
材料-魚介	サケ_部分	周り
材料-魚介	サケ_部分	片面
材料-魚介	サケ_部分	柵
材料-魚介	サケ_部分	皮目
材料-魚介	サケ_部分	カマ
材料-魚介	サケ_部分	粗
材料-魚介	サケ_部分	切れ端
材料-魚介	サケ_部分	横
材料-魚介	サケ_部分	隣
材料-魚介	サケ_部分	半身
材料-魚介	サケ_部分	全面
材料-魚介	サケ_部分	鼻先
材料-魚介	サケ_部分	裏表
材料-魚介	サケ_部分	真ん中
材料-魚介	イワシ_部分	頭
材料-魚介	イワシ_部分	身
材料-魚介	イワシ_部分	両面
材料-魚介	イワシ_部分	骨
材料-魚介	イワシ_部分	すり身
材料-魚介	イワシ_部分	ウロコ
材料-魚介	イワシ_部分	お腹
材料-魚介	イワシ_部分	うろこ
材料-魚介	イワシ_部分	皮
材料-魚介	イワシ_部分	肛門
材料-魚介	イワシ_部分	内臓
材料-魚介	イワシ_部分	表裏
材料-魚介	イワシ_部分	たたき身
材料-魚介	イワシ_部分	ミンチ
材料-魚介	イワシ_部分	内臓・頭
材料-魚介	イワシ_部分	身側
材料-魚介	イワシ_部分	タタキ身
材料-魚介	イワシ_部分	皮側
材料-魚介	イワシ_部分	上側
材料-魚介	イワシ_部分	切り口
材料-魚介	イワシ_部分	皮目
材料-魚介	イワシ_部分	表面
材料-魚介	イワシ_部分	しっぽ寄り
材料-魚介	イワシ_部分	腸
材料-魚介	イワシ_部分	尻尾
材料-魚介	イワシ_部分	おなか
材料-魚介	イワシ_部分	皮面
材料-魚介	イワシ_部分	下半分
材料-魚介	イワシ_部分	背
材料-魚介	イワシ_部分	外側
材料-魚介	イワシ_部分	腹
材料-魚介	イワシ_部分	横
材料-魚介	イワシ_部分	周り
材料-魚介	サバ_部分	切り身
材料-魚介	サバ_部分	身
材料-魚介	サバ_部分	両面
材料-魚介	サバ_部分	皮
材料-魚介	サバ_部分	皮目
材料-魚介	サバ_部分	骨
材料-魚介	サバ_部分	表面
材料-魚介	サバ_部分	頭
材料-魚介	サバ_部分	皮側
材料-魚介	サバ_部分	片身
材料-魚介	サバ_部分	実
材料-魚介	サバ_部分	子
材料-魚介	サバ_部分	表
材料-魚介	サバ_部分	表面全体
材料-魚介	サバ_部分	周り
材料-魚介	サバ_部分	切り身半身分
材料-魚介	サバ_部分	背中前目
材料-魚介	サバ_部分	真ん中
材料-魚介	サバ_部分	フィレ
材料-魚介	サバ_部分	切身
材料-魚介	サバ_部分	表側
材料-魚介	サバ_部分	半身
材料-魚介	サバ_部分	皮面
材料-魚介	サバ_部分	アラ
材料-魚介	サバ_部分	部分
材料-魚介	サバ_部分	薄切り
材料-魚介	サバ_部分	輪切り
材料-魚介	鯵_部分	頭
材料-魚介	鯵_部分	身
材料-魚介	鯵_部分	内臓
材料-魚介	鯵_部分	両面
材料-魚介	鯵_部分	ぜいご
材料-魚介	鯵_部分	骨
材料-魚介	鯵_部分	皮
材料-魚介	鯵_部分	切り身
材料-魚介	鯵_部分	あら
材料-魚介	鯵_部分	表面
材料-魚介	鯵_部分	ゼイゴ
材料-魚介	鯵_部分	中落ち
材料-魚介	鯵_部分	エラ
材料-魚介	鯵_部分	おなか
材料-魚介	鯵_部分	アラ
材料-魚介	鯵_部分	全体
材料-魚介	鯵_部分	腹
材料-魚介	鯵_部分	皮目
材料-魚介	鯵_部分	腹ワタ
材料-魚介	鯵_部分	あばら骨部分
材料-魚介	鯵_部分	セイゴ
材料-魚介	鯵_部分	身側
材料-魚介	鯵_部分	タタキ身
材料-魚介	鯵_部分	腹骨
材料-魚介	鯵_部分	ハラワタ
材料-魚介	鯵_部分	たたき身
材料-魚介	鯵_部分	ミンチ
材料-魚介	鯵_部分	皮側
材料-魚介	鯵_部分	お腹
材料-魚介	鯵_部分	うろこ
材料-魚介	鯵_部分	裏側
材料-魚介	鯵_部分	すり身
材料-魚介	ブリ_部分	切り身
材料-魚介	ブリ_部分	あら
材料-魚介	ブリ_部分	両面
材料-魚介	ブリ_部分	アラ
材料-魚介	ブリ_部分	表面
材料-魚介	ブリ_部分	身
材料-魚介	ブリ_部分	皮
材料-魚介	ブリ_部分	柵
材料-魚介	ブリ_部分	卵
材料-魚介	ブリ_部分	子
材料-魚介	ブリ_部分	頭
材料-魚介	ブリ_部分	切身
材料-魚介	ブリ_部分	表
材料-魚介	ブリ_部分	カマ
材料-魚介	ブリ_部分	片面
材料-魚介	ブリ_部分	腹身
材料-魚介	ブリ_部分	おかしら
材料-魚介	ブリ_部分	アラ全体
材料-魚介	ブリ_部分	血あい
材料-魚介	ブリ_部分	表側
材料-魚介	ブリ_部分	皮部分
材料-魚介	ブリ_部分	皮面
材料-魚介	ブリ_部分	血合い
材料-魚介	ブリ_部分	裏面
材料-魚介	ブリ_部分	ブロック
材料-魚介	ブリ_部分	骨
材料-魚介	ブリ_部分	薄切り
材料-魚介	秋刀魚_部分	頭
材料-魚介	秋刀魚_部分	身
材料-魚介	秋刀魚_部分	両面
材料-魚介	秋刀魚_部分	内臓
材料-魚介	秋刀魚_部分	骨
材料-魚介	秋刀魚_部分	皮
材料-魚介	秋刀魚_部分	腹
材料-魚介	秋刀魚_部分	すり身
材料-魚介	秋刀魚_部分	見
材料-魚介	秋刀魚_部分	肛門腺
材料-魚介	秋刀魚_部分	表面
材料-魚介	秋刀魚_部分	肛門
材料-魚介	秋刀魚_部分	内蔵
材料-魚介	秋刀魚_部分	ハラワタ
材料-魚介	秋刀魚_部分	腸
材料-魚介	秋刀魚_部分	ワタ
材料-魚介	秋刀魚_部分	鱗
材料-魚介	秋刀魚_部分	おなか
材料-魚介	秋刀魚_部分	ウロコ
材料-魚介	秋刀魚_部分	うろこ
材料-魚介	秋刀魚_部分	上下
材料-魚介	秋刀魚_部分	切り身
材料-魚介	秋刀魚_部分	皮部分全体
材料-魚介	秋刀魚_部分	各ヒレ
材料-魚介	秋刀魚_部分	背骨
材料-魚介	秋刀魚_部分	皮目側
材料-魚介	秋刀魚_部分	頭側
材料-魚介	秋刀魚_部分	片身
材料-魚介	秋刀魚_部分	ミンチ
材料-魚介	秋刀魚_部分	皮面
材料-魚介	秋刀魚_部分	全体
材料-魚介	秋刀魚_部分	薄皮
材料-魚介	秋刀魚_部分	周り
材料-魚介	秋刀魚_部分	部分
材料-魚介	タイ_部分	アラ
材料-魚介	タイ_部分	あら
材料-魚介	タイ_部分	切り身
材料-魚介	タイ_部分	身
材料-魚介	タイ_部分	頭
材料-魚介	タイ_部分	子
材料-魚介	タイ_部分	骨
材料-魚介	タイ_部分	皮
材料-魚介	タイ_部分	粗
材料-魚介	タイ_部分	両面
材料-魚介	タイ_部分	うろこ
材料-魚介	タイ_部分	鱗
材料-魚介	タイ_部分	内臓
材料-魚介	タイ_部分	ウロコ
材料-魚介	タイ_部分	お頭
材料-魚介	タイ_部分	片身
材料-魚介	タイ_部分	兜
材料-魚介	タイ_部分	カマ
材料-魚介	タイ_部分	顔
材料-魚介	タイ_部分	表面
材料-魚介	タイ_部分	各ひれ
材料-魚介	タイ_部分	前ヒレ
材料-魚介	タイ_部分	表裏面
材料-魚介	タイ_部分	下
材料-魚介	タイ_部分	尾びれ
材料-魚介	タイ_部分	背びれ
材料-魚介	タイ_部分	卵
材料-魚介	タイ_部分	半身
材料-魚介	タイ_部分	ペースト
材料-魚介	マグロ_部分	あら
材料-魚介	マグロ_部分	アラ
材料-魚介	マグロ_部分	カマ
材料-魚介	マグロ_部分	切り身
材料-魚介	マグロ_部分	表面
材料-魚介	マグロ_部分	赤身
材料-魚介	マグロ_部分	サク
材料-魚介	マグロ_部分	柵
材料-魚介	マグロ_部分	両面
材料-魚介	マグロ_部分	血合い
材料-魚介	マグロ_部分	中落ち
材料-魚介	マグロ_部分	身
材料-魚介	マグロ_部分	切り出し
材料-魚介	マグロ_部分	さく
材料-魚介	マグロ_部分	周り
材料-魚介	マグロ_部分	剥き身
材料-魚介	マグロ_部分	部分
材料-魚介	マグロ_部分	ブロック
材料-魚介	マグロ_部分	血あい
材料-魚介	マグロ_部分	目玉
材料-魚介	マグロ_部分	たたき身
材料-魚介	マグロ_部分	具
材料-魚介	マグロ_部分	すり身
材料-魚介	マグロ_部分	面
材料-魚介	マグロ_部分	中身
材料-魚介	マグロ_部分	短冊
材料-魚介	マグロ_部分	片面
材料-魚介	マグロ_部分	カマ両面
材料-魚介	マグロ_部分	横あたり
材料-魚介	マグロ_部分	血合
材料-魚介	マグロ_部分	かま
材料-魚介	マグロ_部分	血合い部分
材料-魚介	マグロ_部分	切り口
材料-魚介	マグロ_部分	筋
材料-魚介	マグロ_部分	ぶつ切り
材料-魚介	マグロ_部分	ブツ切り
材料-魚介	マグロ_部分	薄切り
材料-魚介	マグロ_部分	角切り
材料-魚介	カレイ_部分	切り身
材料-魚介	カレイ_部分	両面
材料-魚介	カレイ_部分	身
材料-魚介	カレイ_部分	表
材料-魚介	カレイ_部分	皮
材料-魚介	カレイ_部分	切身
材料-魚介	カレイ_部分	表面
材料-魚介	カレイ_部分	うろこ
材料-魚介	カレイ_部分	内臓
材料-魚介	カレイ_部分	鱗
材料-魚介	カレイ_部分	皮目
材料-魚介	カレイ_部分	ウロコ
材料-魚介	カレイ_部分	皮側
材料-魚介	カレイ_部分	骨
材料-魚介	カレイ_部分	周り
材料-魚介	カレイ_部分	内蔵
材料-魚介	カレイ_部分	表側
材料-魚介	カレイ_部分	背中
材料-魚介	カレイ_部分	表裏
材料-魚介	カレイ_部分	血合い
材料-魚介	カレイ_部分	たまご
材料-魚介	カレイ_部分	まわり
材料-魚介	鱈_部分	切り身
材料-魚介	鱈_部分	両面
材料-魚介	鱈_部分	身
材料-魚介	鱈_部分	白子
材料-魚介	鱈_部分	あら
材料-魚介	鱈_部分	すり身
材料-魚介	鱈_部分	皮
材料-魚介	鱈_部分	表面
材料-魚介	鱈_部分	骨
材料-魚介	鱈_部分	アラ
材料-魚介	鱈_部分	皮目
材料-魚介	鱈_部分	端切れ
材料-魚介	鱈_部分	頭
材料-魚介	鱈_部分	こ
材料-魚介	鱈_部分	切り身両面
材料-魚介	鱈_部分	胃
材料-魚介	鱈_部分	卵
材料-魚介	鱈_部分	面
材料-魚介	鱈_部分	め
材料-魚介	鱈_部分	小骨
材料-魚介	鱈_部分	裏表
材料-魚介	鱈_部分	表
材料-魚介	鱈_部分	肝
材料-魚介	鱈_部分	目
材料-魚介	鱈_部分	周り
材料-魚介	鱈_部分	ぶつ切り
材料-魚介	鰆_部分	切り身
材料-魚介	鰆_部分	両面
材料-魚介	鰆_部分	表面
材料-魚介	鰆_部分	表
材料-魚介	鰆_部分	アラ
材料-魚介	鰆_部分	皮目
材料-魚介	鰆_部分	骨
材料-魚介	鰆_部分	身
材料-魚介	鰆_部分	周り
材料-魚介	鰆_部分	皮
材料-魚介	きす_部分	身
材料-魚介	きす_部分	しっぽ
材料-魚介	きす_部分	皮面
材料-魚介	きす_部分	両面
材料-魚介	きす_部分	表面
材料-魚介	めばる_部分	両面
材料-魚介	めばる_部分	ウロコ
材料-魚介	めばる_部分	上面
材料-魚介	めばる_部分	頭
材料-魚介	めばる_部分	切り身
材料-魚介	めばる_部分	周り
材料-魚介	鰹_部分	アラ
材料-魚介	鰹_部分	切り身
材料-魚介	鰹_部分	身
材料-魚介	鰹_部分	表面
材料-魚介	鰹_部分	サク
材料-魚介	鰹_部分	皮目
材料-魚介	鰹_部分	へそ
材料-魚介	鰹_部分	ハラス
材料-魚介	鰹_部分	血合い
材料-魚介	鰹_部分	両面
材料-魚介	鰹_部分	残り部分
材料-魚介	鰹_部分	たたきサク
材料-魚介	鰹_部分	周り
材料-魚介	鰹_部分	切身
材料-魚介	鰹_部分	両側
材料-魚介	鰹_部分	柵
材料-魚介	鰹_部分	周囲
材料-魚介	鰹_部分	背
材料-魚介	鰹_部分	断面
材料-魚介	鰹_部分	頭
材料-魚介	鰹_部分	部分
材料-魚介	鰹_部分	スライス
材料-魚介	かじき_部分	両面
材料-魚介	かじき_部分	切り身
材料-魚介	かじき_部分	表面
材料-魚介	かじき_部分	片面
材料-魚介	かじき_部分	横
材料-魚介	かじき_部分	表
材料-魚介	かじき_部分	あら
材料-魚介	かじき_部分	アラ
材料-魚介	かじき_部分	上面
材料-魚介	かじき_部分	周り
材料-魚介	あかうお_部分	切り身
材料-魚介	あかうお_部分	両面
材料-魚介	あかうお_部分	切身
材料-魚介	あかうお_部分	表側
材料-魚介	あかうお_部分	皮
材料-魚介	ほっけ_部分	皮
材料-魚介	ほっけ_部分	身
材料-魚介	ほっけ_部分	半身
材料-魚介	ほっけ_部分	すり身
材料-魚介	ほっけ_部分	上部
材料-魚介	ほっけ_部分	骨
材料-魚介	ほっけ_部分	切り身
材料-魚介	しらす_部分	血管
材料-魚介	しらす_部分	回り
材料-魚介	しらす_部分	すじ
材料-魚介	しらす_部分	筋
材料-魚介	しらす_部分	お
材料-魚介	ししゃも_部分	両面
材料-魚介	ししゃも_部分	腹部
材料-魚介	ししゃも_部分	両側
材料-魚介	ししゃも_部分	表面
材料-魚介	ししゃも_部分	全面
材料-魚介	ししゃも_部分	背
材料-魚介	ししゃも_部分	頭
材料-魚介	ししゃも_部分	裏
材料-魚介	ししゃも_部分	皮
材料-魚介	あんこう_部分	肝
材料-魚介	あんこう_部分	身
材料-魚介	あんこう_部分	切り身
材料-魚介	あんこう_部分	切身
材料-魚介	あんこう_部分	スジ
材料-魚介	あんこう_部分	アラ
材料-魚介	あんこう_部分	表面
材料-魚介	アナゴ_部分	頭
材料-魚介	アナゴ_部分	皮
材料-魚介	ウナギ_部分	キモ
材料-魚介	ウナギ_部分	皮
材料-魚介	ウナギ_部分	切り身
材料-魚介	ウナギ_部分	肝
材料-魚介	ウナギ_部分	頭
材料-魚介	ウナギ_部分	しっぽ側
材料-魚介	ウナギ_部分	両面
材料-魚介	ウナギ_部分	皮側
材料-魚介	ウナギ_部分	ペースト
材料-魚介	きんめだい_部分	あら
材料-魚介	きんめだい_部分	アラ
材料-魚介	きんめだい_部分	頭
材料-魚介	きんめだい_部分	切り身
材料-魚介	きんめだい_部分	皮
材料-魚介	きんめだい_部分	両側
材料-魚介	きんめだい_部分	周り
材料-魚介	エビ_部分	殻
材料-魚介	エビ_部分	頭
材料-魚介	エビ_部分	背ワタ
材料-魚介	エビ_部分	背わた
材料-魚介	エビ_部分	皮
材料-魚介	エビ_部分	尻尾
材料-魚介	エビ_部分	身
材料-魚介	エビ_部分	尾
材料-魚介	エビ_部分	背中
材料-魚介	エビ_部分	背
材料-魚介	エビ_部分	背綿
材料-魚介	エビ_部分	両面
材料-魚介	エビ_部分	すり身
材料-魚介	エビ_部分	しっぽ
材料-魚介	エビ_部分	表面
材料-魚介	エビ_部分	腹
材料-魚介	エビ_部分	カラ
材料-魚介	エビ_部分	背中側
材料-魚介	エビ_部分	尾ビレ
材料-魚介	エビ_部分	腹部
材料-魚介	エビ_部分	腹側
材料-魚介	エビ_部分	から
材料-魚介	エビ_部分	周辺
材料-魚介	エビ_部分	胴体
材料-魚介	エビ_部分	具
材料-魚介	エビ_部分	足
材料-魚介	エビ_部分	頭付近
材料-魚介	エビ_部分	しっぽ付近
材料-魚介	エビ_部分	お頭
材料-魚介	エビ_部分	ヒゲ
材料-魚介	エビ_部分	第一関節
材料-魚介	エビ_部分	ミンチ
材料-魚介	エビ_部分	粗みじん
材料-魚介	イカ_部分	胴
材料-魚介	イカ_部分	足
材料-魚介	イカ_部分	ワタ
材料-魚介	イカ_部分	胴体
材料-魚介	イカ_部分	内臓
材料-魚介	イカ_部分	ゲソ
材料-魚介	イカ_部分	身
材料-魚介	イカ_部分	皮
材料-魚介	イカ_部分	げそ
材料-魚介	イカ_部分	目
材料-魚介	イカ_部分	肝
材料-魚介	イカ_部分	表面
材料-魚介	イカ_部分	背骨
材料-魚介	イカ_部分	エンペラ
材料-魚介	イカ_部分	腸
材料-魚介	イカ_部分	腹
材料-魚介	イカ_部分	口
材料-魚介	イカ_部分	内蔵
材料-魚介	イカ_部分	下
材料-魚介	イカ_部分	両面
材料-魚介	イカ_部分	胴体部分
材料-魚介	イカ_部分	頭
材料-魚介	イカ_部分	すり身
材料-魚介	イカ_部分	外套膜
材料-魚介	イカ_部分	エンペラー
材料-魚介	イカ_部分	眼
材料-魚介	イカ_部分	下足
材料-魚介	イカ_部分	目玉
材料-魚介	イカ_部分	ハラワタ
材料-魚介	イカ_部分	部位
材料-魚介	イカ_部分	剥き身
材料-魚介	イカ_部分	卵
材料-魚介	イカ_部分	輪切り
材料-魚介	タコ_部分	足
材料-魚介	タコ_部分	漏斗
材料-魚介	タコ_部分	頭
材料-魚介	タコ_部分	足部分
材料-魚介	タコ_部分	ぶつ切り
材料-魚介	タコ_部分	薄切り
材料-魚介	タコ_部分	たまご
材料-魚介	タコ_部分	足先
材料-魚介	タコ_部分	脚
材料-魚介	タコ_部分	吸盤
材料-魚介	タコ_部分	頭部分
材料-魚介	タコ_部分	奥
材料-魚介	タコ_部分	内臓
材料-魚介	タコ_部分	片面
材料-魚介	タコ_部分	身
材料-魚介	タコ_部分	表面
材料-魚介	あさり_部分	口
材料-魚介	あさり_部分	殻
材料-魚介	あさり_部分	身
材料-魚介	あさり_部分	むき身
材料-魚介	あさり_部分	剥き身
材料-魚介	あさり_部分	貝
材料-魚介	あさり_部分	ふた
材料-魚介	あさり_部分	蓋
材料-魚介	あさり_部分	貝殻
材料-魚介	あさり_部分	殻どうし
材料-魚介	あさり_部分	表面
材料-魚介	あさり_部分	中身
材料-魚介	あさり_部分	殻どおし
材料-魚介	あさり_部分	背中
材料-魚介	帆立貝_部分	貝柱
材料-魚介	帆立貝_部分	ひも
材料-魚介	帆立貝_部分	身
材料-魚介	帆立貝_部分	ヒモ
材料-魚介	帆立貝_部分	表面
材料-魚介	帆立貝_部分	両面
材料-魚介	帆立貝_部分	殻
材料-魚介	帆立貝_部分	肝
材料-魚介	帆立貝_部分	ウロ
材料-魚介	帆立貝_部分	周り
材料-魚介	帆立貝_部分	片面
材料-魚介	帆立貝_部分	ワタ
材料-魚介	帆立貝_部分	貝
材料-魚介	帆立貝_部分	たまご
材料-魚介	帆立貝_部分	タマゴ
材料-魚介	帆立貝_部分	剥き身
材料-魚介	帆立貝_部分	薄切り
材料-魚介	帆立貝_部分	繊維
材料-魚介	しじみ_部分	口
材料-魚介	しじみ_部分	殻
材料-魚介	しじみ_部分	貝
材料-魚介	しじみ_部分	ふた
材料-魚介	しじみ_部分	身
材料-魚介	はまぐり_部分	口
材料-魚介	はまぐり_部分	身
材料-魚介	はまぐり_部分	貝
材料-魚介	はまぐり_部分	殻
材料-魚介	はまぐり_部分	ふた
材料-魚介	はまぐり_部分	むき身
材料-魚介	はまぐり_部分	実
材料-魚介	はまぐり_部分	蓋
材料-魚介	はまぐり_部分	殻同士
材料-魚介	ムール貝_部分	口
材料-魚介	ムール貝_部分	殻
材料-魚介	アワビ_部分	ウロ
材料-魚介	アワビ_部分	貝殻
材料-魚介	アワビ_部分	肝
材料-魚介	アワビ_部分	殻
材料-魚介	アワビ_部分	吸盤側
材料-魚介	アワビ_部分	表
材料-魚介	アワビ_部分	本体
材料-魚介	アワビ_部分	貝
材料-魚介	アワビ_部分	周囲
材料-魚介	アワビ_部分	そぎ切り
材料-魚介	アワビ_部分	裏
材料-魚介	アワビ_部分	身
材料-魚介	アワビ_部分	両面
材料-魚介	サザエ_部分	身
材料-魚介	サザエ_部分	殻
材料-魚介	サザエ_部分	入口
材料-魚介	サザエ_部分	肝
材料-魚介	サザエ_部分	中身
材料-魚介	つぶ貝_部分	身
材料-魚介	つぶ貝_部分	表面
材料-魚介	ほっき貝_部分	身
材料-魚介	ほっき貝_部分	ワタ
材料-魚介	ほっき貝_部分	剥き身
材料-魚介	ほっき貝_部分	殻
材料-魚介	ほっき貝_部分	裏
材料-魚介	カキ_部分	殻
材料-魚介	カキ_部分	身
材料-魚介	カキ_部分	両面
材料-魚介	カキ_部分	表面
材料-魚介	カキ_部分	粒
材料-魚介	カキ_部分	口
材料-魚介	カキ_部分	下
材料-魚介	カキ_部分	周り
材料-魚介	カキ_部分	剥き身
材料-魚介	かに_部分	身
材料-魚介	かに_部分	甲羅
材料-魚介	かに_部分	殻
材料-魚介	かに_部分	足
材料-魚介	かに_部分	むき身
材料-魚介	かに_部分	爪
材料-魚介	かに_部分	剥き身
材料-魚介	かに_部分	脚
材料-魚介	かに_部分	蟹みそ
材料-魚介	かに_部分	外子
材料-魚介	かに_部分	体
材料-魚介	かに_部分	脚先
材料-魚介	かに_部分	つめ肉
材料-魚介	かに_部分	器官
材料-魚介	かに_部分	目部分
材料-魚介	かに_部分	鋏
材料-魚介	かに_部分	ヒモ
材料-魚介	かに_部分	脚肉
材料-魚介	かに_部分	から
材料-魚介	かに_部分	胴
材料-魚介	かに_部分	つめ
材料-魚介	かに_部分	後ろ
材料-魚介	かに_部分	軟骨
材料-魚介	かに_部分	腹
材料-魚介	かに_部分	すり身
材料-魚介	かに_部分	中身
材料-魚介	かに_部分	肉
材料-魚介	かに_部分	裏
材料-魚介	かに_部分	具
材料-魚介	ウニ_部分	粒
材料-魚介	なまこ_部分	上下
材料-魚介	アユ_部分	お腹
材料-魚介	アユ_部分	ウロコ
材料-魚介	アユ_部分	頭
材料-魚介	アユ_部分	両面
材料-魚介	アユ_部分	皮
材料-魚介	イカナゴ_部分	上面半分
材料-魚介	鯉_部分	切り身
材料-魚介	コノシロ_部分	皮
材料-魚介	サメ_部分	切り身
材料-魚介	タチウオ_部分	背びれ
材料-魚介	タチウオ_部分	切り身
材料-魚介	タチウオ_部分	身
材料-魚介	タチウオ_部分	ひれ
材料-魚介	タチウオ_部分	半身
材料-魚介	タチウオ_部分	表面
材料-魚介	タチウオ_部分	頭
材料-魚介	タチウオ_部分	周り
材料-魚介	ニシン_部分	内臓
材料-魚介	ニシン_部分	鱗・頭
材料-魚介	ニシン_部分	表
材料-魚介	ニシン_部分	卵
材料-魚介	ニシン_部分	身
材料-魚介	ハタハタ_部分	頭
材料-魚介	ハタハタ_部分	内臓
材料-魚介	ハタハタ_部分	右側
材料-魚介	ハタハタ_部分	おしり
材料-魚介	ハタハタ_部分	両面
材料-魚介	ハタハタ_部分	身
材料-魚介	ハモ_部分	皮同士
材料-魚介	ハモ_部分	両面
材料-魚介	ヒラメ_部分	あら
材料-魚介	ヒラメ_部分	切り身
材料-魚介	ヒラメ_部分	四半身
材料-魚介	ヒラメ_部分	両面
材料-魚介	ヒラメ_部分	兜
材料-魚介	ヒラメ_部分	表
材料-魚介	ヒラメ_部分	体
材料-魚介	ヒラメ_部分	ウロコ
材料-魚介	ヒラメ_部分	切り口
材料-魚介	ヒラメ_部分	中央
材料-魚介	ヒラメ_部分	表面
材料-魚介	フグ_部分	身
材料-魚介	フグ_部分	アラ
材料-魚介	フグ_部分	あら
材料-魚介	フグ_部分	皮
材料-魚介	ボラ_部分	切り身
材料-魚介	ボラ_部分	身
材料-魚介	メジナ_部分	身
材料-肉	牛肉_部分	表面
材料-肉	牛肉_部分	両面
材料-肉	牛肉_部分	細切れ
材料-肉	牛肉_部分	薄切り
材料-肉	牛肉_部分	ミンチ
材料-肉	牛肉_部分	塊
材料-肉	牛肉_部分	脂身
材料-肉	牛肉_部分	ブロック
材料-肉	牛肉_部分	テール
材料-肉	牛肉_部分	こま切れ
材料-肉	牛肉_部分	ステーキ肉
材料-肉	牛肉_部分	スジ肉
材料-肉	牛肉_部分	薄切り肉
材料-肉	牛肉_部分	肉
材料-肉	牛肉_部分	全体
材料-肉	牛肉_部分	ひき肉
材料-肉	牛肉_部分	筋
材料-肉	牛肉_部分	横
材料-肉	牛肉_部分	脂身部分
材料-肉	牛肉_部分	ホルモン
材料-肉	牛肉_部分	すね肉
材料-肉	牛肉_部分	みじん切り
材料-肉	牛肉_部分	すじ肉
材料-肉	牛肉_部分	脂部分
材料-肉	牛肉_部分	皮
材料-肉	牛肉_部分	もも肉
材料-肉	牛肉_部分	全面
材料-肉	牛肉_部分	角切り
材料-肉	豚肉_部分	両面
材料-肉	豚肉_部分	表面
材料-肉	豚肉_部分	薄切り肉
材料-肉	豚肉_部分	薄切り
材料-肉	豚肉_部分	ひき肉
材料-肉	豚肉_部分	脂身
材料-肉	豚肉_部分	筋
材料-肉	豚肉_部分	片面
材料-肉	豚肉_部分	塊
材料-肉	豚肉_部分	ブロック
材料-肉	豚肉_部分	細切れ
材料-肉	豚肉_部分	スライス
材料-肉	豚肉_部分	手前
材料-肉	豚肉_部分	端
材料-肉	豚肉_部分	ミンチ
材料-肉	豚肉_部分	バラ肉
材料-肉	豚肉_部分	全面
材料-肉	豚肉_部分	つなぎ目
材料-肉	豚肉_部分	面
材料-肉	豚肉_部分	こま切れ
材料-肉	豚肉_部分	スジ
材料-肉	豚肉_部分	周り
材料-肉	豚肉_部分	挽肉
材料-肉	豚肉_部分	塊肉
材料-肉	豚肉_部分	すじ
材料-肉	豚肉_部分	表面全体
材料-肉	豚肉_部分	真ん中
材料-肉	豚肉_部分	ロース
材料-肉	豚肉_部分	こま切れ肉
材料-肉	豚肉_部分	下面
材料-肉	豚肉_部分	タン
材料-肉	豚肉_部分	ヒレ肉
材料-肉	豚肉_部分	上下
材料-肉	豚肉_部分	外側
材料-肉	豚肉_部分	細切れ肉
材料-肉	豚肉_部分	前面
材料-肉	豚肉_部分	下
材料-肉	豚肉_部分	細切り
材料-肉	豚肉_部分	小間切れ
材料-肉	豚肉_部分	各面
材料-肉	豚肉_部分	厚切り
材料-肉	豚肉_部分	みじん切り
材料-肉	豚肉_部分	まわり
材料-肉	豚肉_部分	腱
材料-肉	豚肉_部分	角切り
材料-肉	豚肉_部分	皮
材料-肉	豚肉_部分	側面
材料-肉	豚肉_部分	切り身
材料-肉	鳥肉_部分	皮
材料-肉	鳥肉_部分	表面
材料-肉	鳥肉_部分	両面
材料-肉	鳥肉_部分	皮目
材料-肉	鳥肉_部分	むね肉
材料-肉	鳥肉_部分	ひき肉
材料-肉	鳥肉_部分	皮面
材料-肉	鳥肉_部分	骨
材料-肉	鳥肉_部分	ささ身
材料-肉	鳥肉_部分	もも肉
材料-肉	鳥肉_部分	筋
材料-肉	鳥肉_部分	胸肉
材料-肉	鳥肉_部分	ササミ
材料-肉	鳥肉_部分	脂身
材料-肉	鳥肉_部分	手羽先
材料-肉	鳥肉_部分	手羽元
材料-肉	鳥肉_部分	挽肉
材料-肉	鳥肉_部分	ミンチ
材料-肉	鳥肉_部分	片面
材料-肉	鳥肉_部分	ムネ肉
材料-肉	鳥肉_部分	スジ
材料-肉	鳥肉_部分	先
材料-肉	鳥肉_部分	身
材料-肉	鳥肉_部分	皮側
材料-肉	鳥肉_部分	周り
材料-肉	鳥肉_部分	ぶつ切り
材料-肉	鳥肉_部分	心臓
材料-肉	鳥肉_部分	上下
材料-肉	鳥肉_部分	肉
材料-肉	鳥肉_部分	モモ肉
材料-肉	鳥肉_部分	砂肝
材料-肉	鳥肉_部分	関節
材料-肉	鳥肉_部分	裏側
材料-肉	鳥肉_部分	端
材料-肉	鳥肉_部分	外側
材料-肉	鳥肉_部分	真ん中
材料-肉	鳥肉_部分	皮部分
材料-肉	鳥肉_部分	まわり
材料-肉	鳥肉_部分	表裏
材料-肉	鳥肉_部分	表面全体
材料-肉	鳥肉_部分	すじ
材料-肉	鳥肉_部分	関節部分
材料-肉	鳥肉_部分	裏
材料-肉	鳥肉_部分	ロース
材料-肉	鳥肉_部分	先部分
材料-肉	鳥肉_部分	血
材料-肉	鳥肉_部分	おなか
材料-肉	鳥肉_部分	軟骨
材料-肉	鳥肉_部分	部分
材料-肉	鳥肉_部分	スライス
材料-肉	鳥肉_部分	根元
材料-肉	鳥肉_部分	両端
材料-肉	鳥肉_部分	中心
材料-肉	鳥肉_部分	ハーフカット
材料-肉	鳥肉_部分	筋膜
材料-肉	鳥肉_部分	皮めん
材料-肉	鳥肉_部分	手羽もと
材料-肉	鳥肉_部分	ムネ肉皮
材料-肉	鳥肉_部分	手羽
材料-肉	鳥肉_部分	首
材料-肉	鳥肉_部分	ハツ
材料-肉	鳥肉_部分	みぞ
材料-肉	鳥肉_部分	横部分
材料-肉	鳥肉_部分	血管
材料-肉	鳥肉_部分	先端部分
材料-肉	鳥肉_部分	お尻
材料-肉	鳥肉_部分	隅
材料-肉	鳥肉_部分	真中
材料-肉	鳥肉_部分	お腹
材料-肉	鳥肉_部分	尻尾
材料-肉	鳥肉_部分	はじ
材料-肉	鳥肉_部分	上側
材料-肉	鳥肉_部分	後ろ
材料-肉	鳥肉_部分	鶏
材料-肉	鳥肉_部分	全体
材料-肉	鳥肉_部分	付け根
材料-肉	鳥肉_部分	片側
材料-肉	鳥肉_部分	パーツ
材料-肉	鳥肉_部分	端っこ
材料-肉	鳥肉_部分	上部
材料-肉	鳥肉_部分	上面
材料-肉	鳥肉_部分	腹
材料-肉	鳥肉_部分	全面
材料-肉	鳥肉_部分	横
材料-肉	鳥肉_部分	中央
材料-肉	鳥肉_部分	面
材料-肉	鳥肉_部分	内側
材料-肉	鳥肉_部分	薄切り
材料-肉	鳥肉_部分	繊維
材料-肉	挽肉_部分	塊
材料-肉	挽肉_部分	面
材料-肉	挽肉_部分	表面
材料-肉	挽肉_部分	全体
材料-肉	挽肉_部分	ひき肉
材料-肉	挽肉_部分	粒
材料-肉	挽肉_部分	中心
材料-肉	挽肉_部分	具
材料-肉	挽肉_部分	ミンチ
材料-肉	挽肉_部分	固まり
材料-肉	挽肉_部分	片面
材料-肉	挽肉_部分	具材
材料-肉	挽肉_部分	肉
材料-肉	ウインナー_部分	端
材料-肉	ウインナー_部分	輪切り
材料-肉	ウインナー_部分	真ん中
材料-肉	ウインナー_部分	表面
材料-肉	ウインナー_部分	足
材料-肉	ウインナー_部分	先
材料-肉	ウインナー_部分	端っこ
材料-肉	ウインナー_部分	断面
材料-肉	ウインナー_部分	皮
材料-肉	ウインナー_部分	みじん切り
材料-肉	ウインナー_部分	頭
材料-肉	ウインナー_部分	両端
材料-肉	ウインナー_部分	片側
材料-肉	ウインナー_部分	中心
材料-肉	ウインナー_部分	断面真ん中
材料-肉	ウインナー_部分	耳部分
材料-肉	ウインナー_部分	斜め切り
材料-肉	ウインナー_部分	薄切り
材料-肉	ウインナー_部分	隣
材料-肉	ウインナー_部分	上部分
材料-肉	ウインナー_部分	はし
材料-肉	ウインナー_部分	皮部分
材料-肉	ウインナー_部分	飾り切り
材料-肉	ウインナー_部分	両側
材料-肉	ウインナー_部分	切れ端
材料-肉	ウインナー_部分	先端
材料-肉	ウインナー_部分	切り口
材料-肉	ウインナー_部分	横
材料-肉	ウインナー_部分	周り
材料-肉	ウインナー_部分	両面
材料-肉	ウインナー_部分	細切り
材料-肉	ウインナー_部分	角切り
材料-肉	ウインナー_部分	部分
材料-肉	ハム_部分	両面
材料-肉	ハム_部分	みじん切り
材料-肉	ハム_部分	表面
材料-肉	ハム_部分	中央
材料-肉	ハム_部分	端
材料-肉	ハム_部分	細切り
材料-肉	ハム_部分	千切り
材料-肉	ハム_部分	片面
材料-肉	ハム_部分	脂身
材料-肉	ハム_部分	パーツ
材料-肉	ハム_部分	真ん中
材料-肉	ハム_部分	下
材料-肉	ハム_部分	ふち
材料-肉	ハム_部分	上下
材料-肉	ハム_部分	一部
材料-肉	ハム_部分	継ぎ目
材料-肉	ハム_部分	両端
材料-肉	ハム_部分	具
材料-肉	ハム_部分	周り
材料-肉	ハム_部分	縁
材料-肉	ハム_部分	断面
材料-肉	ハム_部分	部分
材料-肉	ハム_部分	内側
材料-肉	ハム_部分	角切り
材料-肉	ハム_部分	裏
材料-肉	ハム_部分	スライス
材料-野菜	ニンジン_部分	皮
材料-野菜	ニンジン_部分	葉
材料-野菜	ニンジン_部分	千切り
材料-野菜	ニンジン_部分	みじん切り
材料-野菜	ニンジン_部分	葉っぱ
材料-野菜	ニンジン_部分	薄切り
材料-野菜	ニンジン_部分	細切り
材料-野菜	ニンジン_部分	水分
材料-野菜	ニンジン_部分	ヘタ
材料-野菜	ニンジン_部分	スライス
材料-野菜	ニンジン_部分	輪切り
材料-野菜	ニンジン_部分	乱切り
材料-野菜	ニンジン_部分	切れ端
材料-野菜	ニンジン_部分	ペースト
材料-野菜	ニンジン_部分	半月切り
材料-野菜	ニンジン_部分	表面
材料-野菜	ニンジン_部分	部分
材料-野菜	ニンジン_部分	飾り切り
材料-野菜	ニンジン_部分	芯
材料-野菜	ニンジン_部分	先
材料-野菜	ニンジン_部分	小口切り
材料-野菜	ニンジン_部分	切り抜き
材料-野菜	ニンジン_部分	周り
材料-野菜	玉葱_部分	みじん切り
材料-野菜	玉葱_部分	皮
材料-野菜	玉葱_部分	スライス
材料-野菜	玉葱_部分	薄切り
材料-野菜	玉葱_部分	上下
材料-野菜	玉葱_部分	葉
材料-野菜	玉葱_部分	頭
材料-野菜	玉葱_部分	千切り
材料-野菜	玉葱_部分	みじんぎり
材料-野菜	玉葱_部分	微塵切り
材料-野菜	玉葱_部分	茎
材料-野菜	玉葱_部分	櫛切り
材料-野菜	玉葱_部分	根っこ
材料-野菜	玉葱_部分	粗みじん切り
材料-野菜	玉葱_部分	細切り
材料-野菜	玉葱_部分	部分
材料-野菜	玉葱_部分	真ん中
材料-野菜	玉葱_部分	スライス
材料-野菜	玉葱_部分	端
材料-野菜	玉葱_部分	根
材料-野菜	玉葱_部分	輪っか
材料-野菜	玉葱_部分	輪切り
材料-野菜	玉葱_部分	表面
材料-野菜	玉葱_部分	外皮
材料-野菜	玉葱_部分	芽
材料-野菜	玉葱_部分	周辺部
材料-野菜	玉葱_部分	スライスス
材料-野菜	玉葱_部分	荒みじん
材料-野菜	玉葱_部分	両面
材料-野菜	玉葱_部分	ミジン切り
材料-野菜	玉葱_部分	隅っこ
材料-野菜	玉葱_部分	薄輪切り
材料-野菜	玉葱_部分	玉
材料-野菜	玉葱_部分	真ん中あたり
材料-野菜	玉葱_部分	せん切り
材料-野菜	玉葱_部分	全体
材料-野菜	玉葱_部分	付け根
材料-野菜	玉葱_部分	一部
材料-野菜	玉葱_部分	上部
材料-野菜	玉葱_部分	薄皮
材料-野菜	玉葱_部分	くし切り
材料-野菜	玉葱_部分	実
材料-野菜	玉葱_部分	裏
材料-野菜	玉葱_部分	ペースト
材料-野菜	玉葱_部分	ヘタ
材料-野菜	ジャガイモ_部分	皮
材料-野菜	ジャガイモ_部分	表面
材料-野菜	ジャガイモ_部分	芽
材料-野菜	ジャガイモ_部分	両面
材料-野菜	ジャガイモ_部分	固まり
材料-野菜	ジャガイモ_部分	周り
材料-野菜	ジャガイモ_部分	マッシュ
材料-野菜	ジャガイモ_部分	面
材料-野菜	ジャガイモ_部分	芯
材料-野菜	ジャガイモ_部分	まわり
材料-野菜	ジャガイモ_部分	切り口
材料-野菜	ジャガイモ_部分	スライス
材料-野菜	ジャガイモ_部分	外側
材料-野菜	ジャガイモ_部分	中身
材料-野菜	ジャガイモ_部分	ふち
材料-野菜	ジャガイモ_部分	細切り
材料-野菜	ジャガイモ_部分	回り
材料-野菜	ジャガイモ_部分	上部
材料-野菜	ジャガイモ_部分	頭
材料-野菜	ジャガイモ_部分	千切り
材料-野菜	キャベツ_部分	芯
材料-野菜	キャベツ_部分	葉
材料-野菜	キャベツ_部分	千切り
材料-野菜	キャベツ_部分	外葉
材料-野菜	キャベツ_部分	みじん切り
材料-野菜	キャベツ_部分	ざく切り
材料-野菜	キャベツ_部分	せん切り
材料-野菜	キャベツ_部分	軸
材料-野菜	キャベツ_部分	外側
材料-野菜	キャベツ_部分	真ん中
材料-野菜	キャベツ_部分	葉っぱ
材料-野菜	キャベツ_部分	内側
材料-野菜	キャベツ_部分	中心分
材料-野菜	キャベツ_部分	中央
材料-野菜	キャベツ_部分	乱切り
材料-野菜	キャベツ_部分	表面
材料-野菜	キャベツ_部分	芯部分
材料-野菜	キャベツ_部分	葉部分
材料-野菜	キャベツ_部分	根元
材料-野菜	キャベツ_部分	底
材料-野菜	キャベツ_部分	皮
材料-野菜	もやし_部分	根
材料-野菜	もやし_部分	ヒゲ
材料-野菜	もやし_部分	芽
材料-野菜	もやし_部分	髭
材料-野菜	もやし_部分	ヒゲ根
材料-野菜	もやし_部分	頭
材料-野菜	もやし_部分	芯
材料-野菜	もやし_部分	真ん中
材料-野菜	もやし_部分	根っこ
材料-野菜	もやし_部分	表面
材料-野菜	もやし_部分	前
材料-野菜	タケノコ_部分	穂先
材料-野菜	タケノコ_部分	姫皮
材料-野菜	タケノコ_部分	下
材料-野菜	タケノコ_部分	皮
材料-野菜	タケノコ_部分	先
材料-野菜	タケノコ_部分	根元
材料-野菜	タケノコ_部分	甘皮
材料-野菜	タケノコ_部分	先端部分
材料-野菜	タケノコ_部分	下部
材料-野菜	タケノコ_部分	スライス
材料-野菜	タケノコ_部分	先端
材料-野菜	タケノコ_部分	姫皮部分
材料-野菜	タケノコ_部分	甘皮部分
材料-野菜	タケノコ_部分	先端部
材料-野菜	タケノコ_部分	外
材料-野菜	タケノコ_部分	根本
材料-野菜	タケノコ_部分	根元部分
材料-野菜	タケノコ_部分	真ん中あたり
材料-野菜	タケノコ_部分	片面
材料-野菜	タケノコ_部分	薄切り
材料-野菜	タケノコ_部分	真ん中
材料-野菜	タケノコ_部分	千切り
材料-野菜	タケノコ_部分	表面
材料-野菜	アスパラガス_部分	根元
材料-野菜	アスパラガス_部分	下
材料-野菜	アスパラガス_部分	皮
材料-野菜	アスパラガス_部分	茎
材料-野菜	アスパラガス_部分	穂先
材料-野菜	アスパラガス_部分	下半分
材料-野菜	アスパラガス_部分	先
材料-野菜	アスパラガス_部分	はかま
材料-野菜	アスパラガス_部分	穂
材料-野菜	アスパラガス_部分	袴
材料-野菜	アスパラガス_部分	斜め切り
材料-野菜	アスパラガス_部分	根
材料-野菜	アスパラガス_部分	頭
材料-野菜	アスパラガス_部分	芯
材料-野菜	アスパラガス_部分	まわり
材料-野菜	アスパラガス_部分	皮スジ
材料-野菜	アスパラガス_部分	根元側
材料-野菜	アスパラガス_部分	根元あたり
材料-野菜	アスパラガス_部分	ハカマ
材料-野菜	アスパラガス_部分	下部分
材料-野菜	アスパラガス_部分	ガク
材料-野菜	アスパラガス_部分	根元部分
材料-野菜	アスパラガス_部分	先端
材料-野菜	アスパラガス_部分	ヘタ
材料-野菜	アスパラガス_部分	真ん中
材料-野菜	ぜんまい_部分	茎側
材料-野菜	ウド_部分	皮
材料-野菜	ウド_部分	葉
材料-野菜	ウド_部分	穂先
材料-野菜	ウド_部分	芽
材料-野菜	ウド_部分	先
材料-野菜	ウド_部分	拍子切り
材料-野菜	ウド_部分	茎
材料-野菜	ウド_部分	根
材料-野菜	ウド_部分	穂先部分
材料-野菜	ウド_部分	葉先部分
材料-野菜	ウド_部分	下
材料-野菜	ウド_部分	スジ
材料-野菜	ウド_部分	頭
材料-野菜	ウド_部分	筋
材料-野菜	ウド_部分	千切り
材料-野菜	ふき_部分	葉
材料-野菜	ふき_部分	皮
材料-野菜	ふき_部分	筋
材料-野菜	ふき_部分	葉っぱ
材料-野菜	ふき_部分	根元
材料-野菜	ふき_部分	外側
材料-野菜	ふき_部分	すじ
材料-野菜	ふき_部分	茎
材料-野菜	ふき_部分	両はじ
材料-野菜	ふき_部分	はかま
材料-野菜	ふき_部分	下
材料-野菜	ふき_部分	端
材料-野菜	ふき_部分	表面
材料-野菜	ヨモギ_部分	枝
材料-野菜	ヨモギ_部分	葉
材料-野菜	クレソン_部分	茎
材料-野菜	クレソン_部分	葉
材料-野菜	クレソン_部分	軸
材料-野菜	クレソン_部分	小枝
材料-野菜	クレソン_部分	下
材料-野菜	えんどう豆_部分	さや
材料-野菜	えんどう豆_部分	皮
材料-野菜	えんどう豆_部分	薄皮
材料-野菜	さやえんどう_部分	筋
材料-野菜	さやえんどう_部分	すじ
材料-野菜	さやえんどう_部分	スジ
材料-野菜	さやえんどう_部分	ふち
材料-野菜	さやえんどう_部分	両端
材料-野菜	さやえんどう_部分	千切り
材料-野菜	さやえんどう_部分	ヘタ
材料-野菜	さやえんどう_部分	細切り
材料-野菜	さやえんどう_部分	微塵切り
材料-野菜	さやえんどう_部分	へた
材料-野菜	さやえんどう_部分	スライス
材料-野菜	さやえんどう_部分	端
材料-野菜	さやえんどう_部分	皮
材料-野菜	そら豆_部分	皮
材料-野菜	そら豆_部分	薄皮
材料-野菜	そら豆_部分	さや
材料-野菜	そら豆_部分	厚皮
材料-野菜	そら豆_部分	外皮
材料-野菜	そら豆_部分	サヤ
材料-野菜	そら豆_部分	両側
材料-野菜	そら豆_部分	房
材料-野菜	アボカド_部分	皮
材料-野菜	アボカド_部分	種
材料-野菜	アボカド_部分	実
材料-野菜	アボカド_部分	中身
材料-野菜	アボカド_部分	果肉
材料-野菜	アボカド_部分	身
材料-野菜	アボカド_部分	真ん中
材料-野菜	アボカド_部分	殻
材料-野菜	アボカド_部分	可食部
材料-野菜	アボカド_部分	スライス
材料-野菜	アボカド_部分	表面全体
材料-野菜	アボカド_部分	周囲
材料-野菜	アボカド_部分	さいの目切り
材料-野菜	アボカド_部分	ペースト
材料-野菜	アボカド_部分	半月切り
材料-野菜	アボカド_部分	タネ
材料-野菜	アボカド_部分	薄切り
材料-野菜	アボカド_部分	角切り
材料-野菜	アボカド_部分	みじん切り
材料-野菜	アボカド_部分	表面
材料-野菜	レタス_部分	葉
材料-野菜	レタス_部分	外葉
材料-野菜	レタス_部分	千切り
材料-野菜	レタス_部分	芯
材料-野菜	レタス_部分	外側
材料-野菜	レタス_部分	細切り
材料-野菜	レタス_部分	せん切り
材料-野菜	レタス_部分	茎
材料-野菜	レタス_部分	葉っぱ
材料-野菜	レタス_部分	横
材料-野菜	レタス_部分	葉先
材料-野菜	レタス_部分	真中
材料-野菜	レタス_部分	ザク切り
材料-野菜	レタス_部分	中央
材料-野菜	レタス_部分	根元
材料-野菜	レタス_部分	真ん中
材料-野菜	菜の花_部分	茎
材料-野菜	菜の花_部分	葉
材料-野菜	菜の花_部分	根元
材料-野菜	菜の花_部分	下半分
材料-野菜	菜の花_部分	花
材料-野菜	菜の花_部分	軸
材料-野菜	菜の花_部分	葉っぱ
材料-野菜	菜の花_部分	つぼみ
材料-野菜	菜の花_部分	根本
材料-野菜	菜の花_部分	芯
材料-野菜	菜の花_部分	花部分
材料-野菜	菜の花_部分	先部分
材料-野菜	菜の花_部分	ザク切り
材料-野菜	菜の花_部分	根元部分
材料-野菜	菜の花_部分	付け根
材料-野菜	菜の花_部分	頭
材料-野菜	スナップえんどう_部分	筋
材料-野菜	スナップえんどう_部分	すじ
材料-野菜	スナップえんどう_部分	スジ
材料-野菜	スナップえんどう_部分	豆
材料-野菜	スナップえんどう_部分	ヘタ
材料-野菜	スナップえんどう_部分	サヤ
材料-野菜	スナップえんどう_部分	両端
材料-野菜	とうみょう_部分	根元
材料-野菜	とうみょう_部分	根
材料-野菜	とうみょう_部分	茎
材料-野菜	とうみょう_部分	根っこ
材料-野菜	とうみょう_部分	葉っぱ
材料-野菜	とうみょう_部分	芽
材料-野菜	とうみょう_部分	葉
材料-野菜	とうみょう_部分	苗
材料-野菜	とうみょう_部分	根部分
材料-野菜	とうみょう_部分	根本
材料-野菜	とうみょう_部分	先
材料-野菜	せり_部分	茎
材料-野菜	せり_部分	葉
材料-野菜	せり_部分	根
材料-野菜	せり_部分	上半身
材料-野菜	せり_部分	若芽
材料-野菜	せり_部分	下部
材料-野菜	せり_部分	葉っぱ
材料-野菜	せり_部分	根元
材料-野菜	せり_部分	軸
材料-野菜	せり_部分	みじん切り
材料-野菜	トウモロコシ_部分	実
材料-野菜	トウモロコシ_部分	粒
材料-野菜	トウモロコシ_部分	皮
材料-野菜	トウモロコシ_部分	身
材料-野菜	トウモロコシ_部分	周り
材料-野菜	トウモロコシ_部分	芯
材料-野菜	トウモロコシ_部分	薄皮
材料-野菜	トウモロコシ_部分	豆
材料-野菜	トウモロコシ_部分	ペースト
材料-野菜	トウモロコシ_部分	下
材料-野菜	トウモロコシ_部分	具
材料-野菜	トウモロコシ_部分	部分
材料-野菜	キュウリ_部分	皮
材料-野菜	キュウリ_部分	千切り
材料-野菜	キュウリ_部分	両端
材料-野菜	キュウリ_部分	スライス
材料-野菜	キュウリ_部分	ヘタ
材料-野菜	キュウリ_部分	へた
材料-野菜	キュウリ_部分	薄切り
材料-野菜	キュウリ_部分	輪切り
材料-野菜	キュウリ_部分	端
材料-野菜	キュウリ_部分	みじん切り
材料-野菜	キュウリ_部分	繊切り
材料-野菜	キュウリ_部分	細切り
材料-野菜	キュウリ_部分	真ん中
材料-野菜	キュウリ_部分	表面
材料-野菜	キュウリ_部分	両サイド
材料-野菜	キュウリ_部分	小口切り
材料-野菜	キュウリ_部分	飾り切り
材料-野菜	キュウリ_部分	両側
材料-野菜	キュウリ_部分	先端
材料-野菜	キュウリ_部分	端っこ
材料-野菜	キュウリ_部分	横
材料-野菜	キュウリ_部分	短冊切り
材料-野菜	キュウリ_部分	溝
材料-野菜	キュウリ_部分	せん切り
材料-野菜	キュウリ_部分	ざく切り
材料-野菜	キュウリ_部分	頭
材料-野菜	キュウリ_部分	乱切り
材料-野菜	キュウリ_部分	実
材料-野菜	キュウリ_部分	下
材料-野菜	ピーマン_部分	ヘタ
材料-野菜	ピーマン_部分	種
材料-野菜	ピーマン_部分	内側
材料-野菜	ピーマン_部分	みじん切り
材料-野菜	ピーマン_部分	へた
材料-野菜	ピーマン_部分	細切り
材料-野菜	ピーマン_部分	面
材料-野菜	ピーマン_部分	皮
材料-野菜	ピーマン_部分	千切り
材料-野菜	ピーマン_部分	輪切り
材料-野菜	ピーマン_部分	薄切り
材料-野菜	ピーマン_部分	頭
材料-野菜	ピーマン_部分	裏側
材料-野菜	ピーマン_部分	タネ
材料-野菜	ピーマン_部分	表面
材料-野菜	ピーマン_部分	中身
材料-野菜	ピーマン_部分	皮側
材料-野菜	ピーマン_部分	上部分
材料-野菜	ピーマン_部分	両面
材料-野菜	ピーマン_部分	薄皮
材料-野菜	ピーマン_部分	こま切り
材料-野菜	ピーマン_部分	短冊切
材料-野菜	ピーマン_部分	ヘタ側
材料-野菜	ピーマン_部分	スライス
材料-野菜	ピーマン_部分	乱切り
材料-野菜	オクラ_部分	ヘタ
材料-野菜	オクラ_部分	へた
材料-野菜	オクラ_部分	新芽
材料-野菜	オクラ_部分	産毛
材料-野菜	オクラ_部分	芽
材料-野菜	オクラ_部分	輪切り
材料-野菜	オクラ_部分	小口切り
材料-野菜	オクラ_部分	うぶ毛
材料-野菜	オクラ_部分	毛
材料-野菜	オクラ_部分	がく
材料-野菜	オクラ_部分	縦切り
材料-野菜	オクラ_部分	花
材料-野菜	オクラ_部分	頭
材料-野菜	オクラ_部分	ヘタ部分
材料-野菜	オクラ_部分	へた部分
材料-野菜	オクラ_部分	切り口
材料-野菜	オクラ_部分	千切り
材料-野菜	オクラ_部分	スライス
材料-野菜	オクラ_部分	表面
材料-野菜	枝豆_部分	豆
材料-野菜	枝豆_部分	両端
材料-野菜	枝豆_部分	皮
材料-野菜	枝豆_部分	さや
材料-野菜	枝豆_部分	中身
材料-野菜	枝豆_部分	房
材料-野菜	枝豆_部分	殻
材料-野菜	枝豆_部分	粒
材料-野菜	枝豆_部分	身
材料-野菜	枝豆_部分	うぶ毛
材料-野菜	枝豆_部分	両はじ
材料-野菜	枝豆_部分	お花
材料-野菜	枝豆_部分	から
材料-野菜	枝豆_部分	表面
材料-野菜	枝豆_部分	剥き身
材料-野菜	枝豆_部分	両側
材料-野菜	枝豆_部分	はじ
材料-野菜	枝豆_部分	面
材料-野菜	枝豆_部分	葉っぱ
材料-野菜	枝豆_部分	薄皮
材料-野菜	枝豆_部分	種
材料-野菜	ゴーヤ_部分	種
材料-野菜	ゴーヤ_部分	綿
材料-野菜	ゴーヤ_部分	ワタ
材料-野菜	ゴーヤ_部分	内側
材料-野菜	ゴーヤ_部分	中綿
材料-野菜	ゴーヤ_部分	葉
材料-野菜	ゴーヤ_部分	実
材料-野菜	ゴーヤ_部分	両端
材料-野菜	ゴーヤ_部分	花
材料-野菜	ゴーヤ_部分	輪切り
材料-野菜	ゴーヤ_部分	ヘタ
材料-野菜	ゴーヤ_部分	薄切り
材料-野菜	ゴーヤ_部分	皮
材料-野菜	ゴーヤ_部分	切り口
材料-野菜	ゴーヤ_部分	粒
材料-野菜	ゴーヤ_部分	みじん切り
材料-野菜	ズッキーニ_部分	皮
材料-野菜	ズッキーニ_部分	両面
材料-野菜	ズッキーニ_部分	輪切り
材料-野菜	ズッキーニ_部分	花
材料-野菜	ズッキーニ_部分	輪
材料-野菜	ズッキーニ_部分	表面
材料-野菜	ズッキーニ_部分	真ん中
材料-野菜	ズッキーニ_部分	スライス
材料-野菜	ズッキーニ_部分	中身
材料-野菜	ズッキーニ_部分	外身
材料-野菜	ズッキーニ_部分	薄切り
材料-野菜	ズッキーニ_部分	種
材料-野菜	ズッキーニ_部分	蓋部分
材料-野菜	ズッキーニ_部分	花弁
材料-野菜	ズッキーニ_部分	皮側
材料-野菜	ズッキーニ_部分	全面
材料-野菜	ズッキーニ_部分	ヘタ
材料-野菜	ズッキーニ_部分	内側
材料-野菜	トマト_部分	皮
材料-野菜	トマト_部分	ヘタ
材料-野菜	トマト_部分	へた
材料-野菜	トマト_部分	中身
材料-野菜	トマト_部分	種
材料-野菜	トマト_部分	スライス
材料-野菜	トマト_部分	角切り
材料-野菜	トマト_部分	輪切り
材料-野菜	トマト_部分	薄切り
材料-野菜	トマト_部分	みじん切り
材料-野菜	トマト_部分	ヘタ部分
材料-野菜	トマト_部分	上部
材料-野菜	トマト_部分	切り口
材料-野菜	トマト_部分	芯
材料-野菜	トマト_部分	ざく切り
材料-野菜	トマト_部分	塊
材料-野菜	トマト_部分	お尻
材料-野菜	トマト_部分	半切り
材料-野菜	トマト_部分	奥
材料-野菜	トマト_部分	飾り切り
材料-野菜	トマト_部分	スジ
材料-野菜	トマト_部分	中心
材料-野菜	トマト_部分	葉
材料-野菜	トマト_部分	へた部分
材料-野菜	トマト_部分	ガク
材料-野菜	トマト_部分	表面
材料-野菜	トマト_部分	底
材料-野菜	トマト_部分	周り
材料-野菜	モロヘイヤ_部分	葉
材料-野菜	モロヘイヤ_部分	茎
材料-野菜	モロヘイヤ_部分	枝
材料-野菜	モロヘイヤ_部分	葉部分
材料-野菜	モロヘイヤ_部分	葉っぱ
材料-野菜	モロヘイヤ_部分	根元
材料-野菜	モロヘイヤ_部分	軸
材料-野菜	モロヘイヤ_部分	みじん切り
材料-野菜	ナスビ_部分	皮
材料-野菜	ナスビ_部分	ヘタ
材料-野菜	ナスビ_部分	へた
材料-野菜	ナスビ_部分	両面
材料-野菜	ナスビ_部分	表面
材料-野菜	ナスビ_部分	片面
材料-野菜	ナスビ_部分	切り口
材料-野菜	ナスビ_部分	先端
材料-野菜	ナスビ_部分	中身
材料-野菜	ナスビ_部分	輪切り
材料-野菜	ナスビ_部分	ペースト
材料-野菜	ナスビ_部分	中心
材料-野菜	ナスビ_部分	断面
材料-野菜	ナスビ_部分	内部
材料-野菜	ナスビ_部分	上
材料-野菜	ナスビ_部分	ガク
材料-野菜	ナスビ_部分	身
材料-野菜	ナスビ_部分	全体
材料-野菜	ナスビ_部分	果肉
材料-野菜	ナスビ_部分	全面
材料-野菜	ナスビ_部分	内側
材料-野菜	ナスビ_部分	薄切り
材料-野菜	ナスビ_部分	下
材料-野菜	ナスビ_部分	荒みじん切り
材料-野菜	ナスビ_部分	がく
材料-野菜	ナスビ_部分	粗みじん
材料-野菜	ナスビ_部分	真ん中あたり
材料-野菜	ナスビ_部分	角切り
材料-野菜	ナスビ_部分	みじん切り
材料-野菜	カボチャ_部分	皮
材料-野菜	カボチャ_部分	種
材料-野菜	カボチャ_部分	ワタ
材料-野菜	カボチャ_部分	ペースト
材料-野菜	カボチャ_部分	マッシュ
材料-野菜	カボチャ_部分	タネ
材料-野菜	カボチャ_部分	実
材料-野菜	カボチャ_部分	身
材料-野菜	カボチャ_部分	中身
材料-野菜	カボチャ_部分	綿
材料-野菜	カボチャ_部分	両面
材料-野菜	カボチャ_部分	皮側
材料-野菜	カボチャ_部分	表面
材料-野菜	カボチャ_部分	スライス
材料-野菜	カボチャ_部分	片面
材料-野菜	カボチャ_部分	種子
材料-野菜	カボチャ_部分	内側
材料-野菜	カボチャ_部分	てっぺん
材料-野菜	カボチャ_部分	皮部分
材料-野菜	カボチャ_部分	上部
材料-野菜	くうしんさい_部分	茎
材料-野菜	くうしんさい_部分	葉
材料-野菜	くうしんさい_部分	芽
材料-野菜	くうしんさい_部分	芯
材料-野菜	くうしんさい_部分	根元
材料-野菜	ささげ_部分	筋
材料-野菜	ささげ_部分	ヘタ
材料-野菜	ささげ_部分	両端
材料-野菜	ささげ_部分	へた
材料-野菜	ささげ_部分	スジ
材料-野菜	ささげ_部分	先
材料-野菜	ささげ_部分	根元
材料-野菜	ささげ_部分	先端部分
材料-野菜	ささげ_部分	先端
材料-野菜	ささげ_部分	下
材料-野菜	ささげ_部分	端
材料-野菜	ささげ_部分	皮
材料-野菜	うり_部分	皮
材料-野菜	うり_部分	種
材料-野菜	うり_部分	綿
材料-野菜	うり_部分	実
材料-野菜	うり_部分	両端
材料-野菜	うり_部分	ワタ
材料-野菜	うり_部分	表面
材料-野菜	うり_部分	上下
材料-野菜	うり_部分	切り口
材料-野菜	うり_部分	中身
材料-野菜	うり_部分	タネ
材料-野菜	うり_部分	身
材料-野菜	うり_部分	端
材料-野菜	うり_部分	みじん切り
材料-野菜	ゴボウ_部分	皮
材料-野菜	ゴボウ_部分	ささがき
材料-野菜	ゴボウ_部分	表面
材料-野菜	ゴボウ_部分	みじん切り
材料-野菜	ゴボウ_部分	根
材料-野菜	ゴボウ_部分	葉
材料-野菜	ゴボウ_部分	千切り
材料-野菜	ゴボウ_部分	面
材料-野菜	ゴボウ_部分	頭
材料-野菜	ゴボウ_部分	掃除葉
材料-野菜	ゴボウ_部分	さきがけ
材料-野菜	ゴボウ_部分	ササガキ
材料-野菜	ゴボウ_部分	茎
材料-野菜	ゴボウ_部分	斜め切り
材料-野菜	ゴボウ_部分	中心部
材料-野菜	ゴボウ_部分	部分
材料-野菜	ゴボウ_部分	先
材料-野菜	さつまいも_部分	皮
材料-野菜	さつまいも_部分	表面
材料-野菜	さつまいも_部分	茎
材料-野菜	さつまいも_部分	ペースト
材料-野菜	さつまいも_部分	マッシュ
材料-野菜	さつまいも_部分	両面
材料-野菜	さつまいも_部分	つる
材料-野菜	さつまいも_部分	ペースト
材料-野菜	さつまいも_部分	ツル
材料-野菜	さつまいも_部分	両端
材料-野菜	さつまいも_部分	葉
材料-野菜	さつまいも_部分	上下
材料-野菜	さつまいも_部分	輪切り
材料-野菜	さつまいも_部分	面
材料-野菜	さつまいも_部分	中身
材料-野菜	さつまいも_部分	千切り
材料-野菜	さつまいも_部分	中心部
材料-野菜	さつまいも_部分	回り
材料-野菜	さつまいも_部分	切り口
材料-野菜	さつまいも_部分	乱切り
材料-野菜	さつまいも_部分	端
材料-野菜	れんこん_部分	皮
材料-野菜	れんこん_部分	両面
材料-野菜	れんこん_部分	表面
材料-野菜	れんこん_部分	片面
材料-野菜	れんこん_部分	スライス
材料-野菜	れんこん_部分	みじん切り
材料-野菜	れんこん_部分	周り
材料-野菜	れんこん_部分	面
材料-野菜	れんこん_部分	節
材料-野菜	れんこん_部分	薄切り
材料-野菜	れんこん_部分	片側
材料-野菜	れんこん_部分	粗みじん
材料-野菜	れんこん_部分	全面
材料-野菜	れんこん_部分	切り口
材料-野菜	れんこん_部分	断面
材料-野菜	れんこん_部分	中身
材料-野菜	れんこん_部分	ペースト
材料-野菜	れんこん_部分	内側
材料-野菜	れんこん_部分	端
材料-野菜	れんこん_部分	輪切り
材料-野菜	山芋_部分	皮
材料-野菜	山芋_部分	表面
材料-野菜	山芋_部分	両面
材料-野菜	山芋_部分	とろろ
材料-野菜	山芋_部分	片面
材料-野菜	山芋_部分	中央あたり
材料-野菜	山芋_部分	千切り
材料-野菜	山芋_部分	輪切り
材料-野菜	山芋_部分	切れ端
材料-野菜	山芋_部分	全面
材料-野菜	山芋_部分	さいの目切り
材料-野菜	山芋_部分	皮目
材料-野菜	山芋_部分	塊
材料-野菜	山芋_部分	葉
材料-野菜	かぶ_部分	葉
材料-野菜	かぶ_部分	皮
材料-野菜	かぶ_部分	茎
材料-野菜	かぶ_部分	葉っぱ
材料-野菜	かぶ_部分	実
材料-野菜	かぶ_部分	根
材料-野菜	かぶ_部分	間引き菜
材料-野菜	かぶ_部分	スライス
材料-野菜	かぶ_部分	中身
材料-野菜	かぶ_部分	部分
材料-野菜	かぶ_部分	茎菜
材料-野菜	かぶ_部分	茎葉
材料-野菜	かぶ_部分	下半分
材料-野菜	かぶ_部分	切れ端
材料-野菜	かぶ_部分	へた
材料-野菜	かぶ_部分	根元
材料-野菜	かぶ_部分	周り
材料-野菜	かぶ_部分	両面
材料-野菜	かぶ_部分	表面
材料-野菜	チンゲン菜_部分	茎
材料-野菜	チンゲン菜_部分	葉
材料-野菜	チンゲン菜_部分	芯
材料-野菜	チンゲン菜_部分	軸
材料-野菜	チンゲン菜_部分	葉っぱ
材料-野菜	チンゲン菜_部分	根元
材料-野菜	チンゲン菜_部分	茎部分
材料-野菜	チンゲン菜_部分	葉っぱ側
材料-野菜	チンゲン菜_部分	根
材料-野菜	チンゲン菜_部分	葉部分
材料-野菜	チンゲン菜_部分	クキ
材料-野菜	チンゲン菜_部分	軸部分
材料-野菜	チンゲン菜_部分	根っこ側
材料-野菜	チンゲン菜_部分	下部
材料-野菜	チンゲン菜_部分	根元部分
材料-野菜	チンゲン菜_部分	青菜部分
材料-野菜	チンゲン菜_部分	お尻部分
材料-野菜	チンゲン菜_部分	根本部分
材料-野菜	チンゲン菜_部分	下
材料-野菜	チンゲン菜_部分	根っこ部分
材料-野菜	チンゲン菜_部分	しん
材料-野菜	チンゲン菜_部分	株
材料-野菜	チンゲン菜_部分	根部分
材料-野菜	チンゲン菜_部分	輪
材料-野菜	チンゲン菜_部分	房
材料-野菜	チンゲン菜_部分	上部
材料-野菜	チンゲン菜_部分	ペースト
材料-野菜	春菊_部分	茎
材料-野菜	春菊_部分	葉
材料-野菜	春菊_部分	軸
材料-野菜	春菊_部分	葉っぱ側
材料-野菜	春菊_部分	葉っぱ
材料-野菜	春菊_部分	根元
材料-野菜	春菊_部分	根っこ側
材料-野菜	春菊_部分	枝
材料-野菜	春菊_部分	間引き菜
材料-野菜	春菊_部分	茎側
材料-野菜	春菊_部分	葉先
材料-野菜	春菊_部分	花
材料-野菜	春菊_部分	芯
材料-野菜	大根_部分	葉
材料-野菜	大根_部分	皮
材料-野菜	大根_部分	葉っぱ
材料-野菜	大根_部分	茎
材料-野菜	大根_部分	両面
材料-野菜	大根_部分	千切り
材料-野菜	大根_部分	ツマ
材料-野菜	大根_部分	表面
材料-野菜	大根_部分	下
材料-野菜	大根_部分	つま
材料-野菜	大根_部分	根
材料-野菜	大根_部分	上下
材料-野菜	大根_部分	薄切り
材料-野菜	大根_部分	スライス
材料-野菜	大根_部分	頭
材料-野菜	大根_部分	片面
材料-野菜	大根_部分	芯
材料-野菜	大根_部分	周り
材料-野菜	大根_部分	細切り
材料-野菜	大根_部分	葉先
材料-野菜	大根_部分	輪切り
材料-野菜	大根_部分	茎葉
材料-野菜	大根_部分	裏側
材料-野菜	大根_部分	小葉
材料-野菜	大根_部分	みぞ
材料-野菜	大根_部分	ヒゲ
材料-野菜	大根_部分	すじ
材料-野菜	大根_部分	軸
材料-野菜	大根_部分	みじん切り
材料-野菜	ほうれん草_部分	茎
材料-野菜	ほうれん草_部分	葉
材料-野菜	ほうれん草_部分	葉先
材料-野菜	ほうれん草_部分	根
材料-野菜	ほうれん草_部分	根元
材料-野菜	ほうれん草_部分	軸
材料-野菜	ほうれん草_部分	ペースト
材料-野菜	ほうれん草_部分	茎部分
材料-野菜	ほうれん草_部分	束
材料-野菜	ほうれん草_部分	葉っぱ
材料-野菜	ほうれん草_部分	芯
材料-野菜	ほうれん草_部分	葉っぱ部分
材料-野菜	ほうれん草_部分	葉部分
材料-野菜	ほうれん草_部分	みじん切り
材料-野菜	ほうれん草_部分	真ん中
材料-野菜	ほうれん草_部分	下
材料-野菜	ほうれん草_部分	根っこ
材料-野菜	ほうれん草_部分	根元部分
材料-野菜	白菜_部分	芯
材料-野菜	白菜_部分	葉
材料-野菜	白菜_部分	軸
材料-野菜	白菜_部分	茎
材料-野菜	白菜_部分	葉っぱ
材料-野菜	白菜_部分	芯部分
材料-野菜	白菜_部分	葉先
材料-野菜	白菜_部分	しん
材料-野菜	白菜_部分	葉っぱ側
材料-野菜	白菜_部分	根っこ側
材料-野菜	白菜_部分	軸部分
材料-野菜	白菜_部分	葉部分
材料-野菜	白菜_部分	根元
材料-野菜	白菜_部分	千切り
材料-野菜	白菜_部分	外葉
材料-野菜	白菜_部分	茎部分
材料-野菜	白菜_部分	根
材料-野菜	白菜_部分	ざく切り
材料-野菜	白菜_部分	内側
材料-野菜	水菜_部分	葉
材料-野菜	水菜_部分	茎
材料-野菜	水菜_部分	葉っぱ
材料-野菜	水菜_部分	若葉
材料-野菜	水菜_部分	根
材料-野菜	水菜_部分	芯
材料-野菜	水菜_部分	葉先
材料-野菜	水菜_部分	先
材料-野菜	水菜_部分	根元
材料-野菜	水菜_部分	茎側
材料-野菜	水菜_部分	繊維
材料-野菜	水菜_部分	表面全体
材料-野菜	水菜_部分	ぶつ切り
材料-野菜	小松菜_部分	茎
材料-野菜	小松菜_部分	葉
材料-野菜	小松菜_部分	軸
材料-野菜	小松菜_部分	芯
材料-野菜	小松菜_部分	茎部分
材料-野菜	小松菜_部分	根元
材料-野菜	小松菜_部分	葉っぱ
材料-野菜	小松菜_部分	根
材料-野菜	小松菜_部分	葉先
材料-野菜	小松菜_部分	根っこ部分
材料-野菜	小松菜_部分	ざく切り
材料-野菜	小松菜_部分	葉っぱ側
材料-野菜	小松菜_部分	根っこ側
材料-野菜	小松菜_部分	葉部分
材料-野菜	小松菜_部分	クキ部分
材料-野菜	小松菜_部分	下
材料-野菜	小松菜_部分	間引き菜
材料-野菜	小松菜_部分	みじん切り
材料-野菜	小松菜_部分	ザク切り
材料-野菜	ニラ_部分	芽
材料-野菜	ニラ_部分	茎
材料-野菜	ニラ_部分	根元
材料-野菜	ニラ_部分	みじん切り
材料-野菜	ニラ_部分	小口切り
材料-野菜	ニラ_部分	葉
材料-野菜	ニラ_部分	花
材料-野菜	ニラ_部分	根
材料-野菜	ニラ_部分	芯
材料-野菜	ニラ_部分	葉側
材料-野菜	ニラ_部分	根本
材料-野菜	ニラ_部分	根元部分
材料-野菜	ニラ_部分	上部
材料-野菜	ニラ_部分	横
材料-野菜	ニラ_部分	軸
材料-野菜	ネギ_部分	みじん切り
材料-野菜	ネギ_部分	小口切り
材料-野菜	ネギ_部分	輪切り
材料-野菜	ネギ_部分	ぶつ切り
材料-野菜	ネギ_部分	斜め切り
材料-野菜	ネギ_部分	芯
材料-野菜	ネギ_部分	微塵切り
材料-野菜	ネギ_部分	千切り
材料-野菜	ネギ_部分	葉
材料-野菜	ネギ_部分	外側
材料-野菜	ネギ_部分	細切り
材料-野菜	ネギ_部分	スライス
材料-野菜	ネギ_部分	部分
材料-野菜	ネギ_部分	根
材料-野菜	ネギ_部分	緑部分
材料-野菜	ネギ_部分	薄切り
材料-野菜	ネギ_部分	ザク切り
材料-野菜	ネギ_部分	切れ端
材料-野菜	ネギ_部分	小口きり
材料-野菜	ネギ_部分	球根
材料-野菜	ネギ_部分	根元
材料-野菜	ネギ_部分	荒みじん切り
材料-野菜	ネギ_部分	みじん
材料-野菜	ネギ_部分	先
材料-野菜	ネギ_部分	下
材料-野菜	ネギ_部分	葉っぱ
材料-野菜	ネギ_部分	表面
材料-野菜	ネギ_部分	微塵きり
材料-野菜	ネギ_部分	小切り
材料-野菜	ネギ_部分	株側
材料-野菜	ネギ_部分	内側
材料-野菜	ネギ_部分	周り
材料-野菜	ネギ_部分	分かれ目
材料-野菜	ネギ_部分	芯部分
材料-野菜	ネギ_部分	上
材料-野菜	ネギ_部分	斜めスライス
材料-野菜	ネギ_部分	みじんぎり
材料-野菜	ネギ_部分	葉先
材料-野菜	ネギ_部分	根っこ
材料-野菜	ネギ_部分	皮
材料-野菜	ネギ_部分	ブツ切り
材料-野菜	ネギ_部分	粗みじん切り
材料-野菜	ネギ_部分	せん切り
材料-野菜	ネギ_部分	先端
材料-野菜	ネギ_部分	片面
材料-野菜	ネギ_部分	乱切り
材料-野菜	ネギ_部分	具
材料-野菜	ネギ_部分	茎
材料-野菜	ネギ_部分	端
材料-野菜	セロリ_部分	葉
材料-野菜	セロリ_部分	茎
材料-野菜	セロリ_部分	葉っぱ
材料-野菜	セロリ_部分	筋
材料-野菜	セロリ_部分	スジ
材料-野菜	セロリ_部分	軸
材料-野菜	セロリ_部分	みじん切り
材料-野菜	セロリ_部分	芯
材料-野菜	セロリ_部分	葉っぱ部分
材料-野菜	セロリ_部分	繊維
材料-野菜	セロリ_部分	皮
材料-野菜	セロリ_部分	枝
材料-野菜	セロリ_部分	微塵切り
材料-野菜	セロリ_部分	葉先
材料-野菜	セロリ_部分	茎部分
材料-野菜	セロリ_部分	すじ
材料-野菜	セロリ_部分	第１関節
材料-野菜	里芋_部分	皮
材料-野菜	里芋_部分	表面
材料-野菜	里芋_部分	両面
材料-野菜	里芋_部分	真ん中あたり
材料-野菜	里芋_部分	頭
材料-野菜	里芋_部分	中心
材料-野菜	里芋_部分	端
材料-野菜	里芋_部分	切りくず
材料-野菜	里芋_部分	ペースト
材料-野菜	里芋_部分	根
材料-野菜	カリフラワー_部分	茎
材料-野菜	カリフラワー_部分	芯
材料-野菜	カリフラワー_部分	房
材料-野菜	カリフラワー_部分	葉
材料-野菜	カリフラワー_部分	軸
材料-野菜	カリフラワー_部分	芽
材料-野菜	カリフラワー_部分	花
材料-野菜	カリフラワー_部分	蕾
材料-野菜	カリフラワー_部分	新芽
材料-野菜	カリフラワー_部分	小房
材料-野菜	カリフラワー_部分	穂先
材料-野菜	カリフラワー_部分	つぼみ
材料-野菜	カリフラワー_部分	先
材料-野菜	カリフラワー_部分	茎部分
材料-野菜	カリフラワー_部分	しん
材料-野菜	カリフラワー_部分	房部分
材料-野菜	カリフラワー_部分	株
材料-野菜	カリフラワー_部分	実
材料-野菜	カリフラワー_部分	みじん切り
材料-野菜	カリフラワー_部分	頭
材料-野菜	わさび菜_部分	茎
材料-野菜	わさび菜_部分	葉
材料-野菜	ユリ根_部分	片
材料-野菜	くわい_部分	皮
材料-野菜	ツルムラサキ_部分	葉っぱ
材料-野菜	ツルムラサキ_部分	若葉
材料-野菜	ツルムラサキ_部分	茎
材料-野菜	野沢菜_部分	葉
材料-野菜	野沢菜_部分	茎
材料-野菜	ミックスベジタブル_部分	人参
材料-野菜	ミックスベジタブル_部分	グリンピース
材料-野菜	ミックスベジタブル_部分	グリーンピース
材料-野菜	ミックスベジタブル_部分	にんじん
材料-野菜	ミックスベジタブル_部分	青菜
材料-野菜	ミツバ_部分	葉
材料-野菜	ミツバ_部分	茎
材料-野菜	ミツバ_部分	軸
材料-野菜	ミツバ_部分	根
材料-野菜	ミツバ_部分	葉っぱ
材料-野菜	ミツバ_部分	ざく切り
材料-野菜	ミツバ_部分	茎全部
材料-野菜	ミツバ_部分	みじん切り
材料-野菜	ミツバ_部分	葉先
材料-野菜	ミツバ_部分	片面
材料-野菜	ミツバ_部分	芯
材料-野菜	ミツバ_部分	根元
材料-野菜	ムギ_部分	穂
材料-野菜	ムギ_部分	粒
材料-野菜	ムギ_部分	稲穂
材料-野菜	椎茸_部分	軸
材料-野菜	椎茸_部分	石づき
材料-野菜	椎茸_部分	傘
材料-野菜	椎茸_部分	かさ
材料-野菜	椎茸_部分	カサ
材料-野菜	椎茸_部分	石突
材料-野菜	椎茸_部分	裏
材料-野菜	椎茸_部分	笠
材料-野菜	椎茸_部分	裏側
材料-野菜	椎茸_部分	茎
材料-野菜	椎茸_部分	みじん切り
材料-野菜	椎茸_部分	内側
材料-野菜	椎茸_部分	石突き
材料-野菜	椎茸_部分	石鎚
材料-野菜	椎茸_部分	薄切り
材料-野菜	椎茸_部分	表面
材料-野菜	椎茸_部分	ジク
材料-野菜	椎茸_部分	スライス
材料-野菜	椎茸_部分	ガク
材料-野菜	椎茸_部分	芯
材料-野菜	椎茸_部分	石づき部分
材料-野菜	椎茸_部分	石附
材料-野菜	椎茸_部分	両面
材料-野菜	椎茸_部分	裏面
材料-野菜	椎茸_部分	へた
材料-野菜	椎茸_部分	ヒダ
材料-野菜	椎茸_部分	裏部分
材料-野菜	椎茸_部分	周り
材料-野菜	椎茸_部分	内側部分
材料-野菜	椎茸_部分	千切り
材料-野菜	椎茸_部分	軸側
材料-野菜	椎茸_部分	飾り切り
材料-野菜	椎茸_部分	面
材料-野菜	椎茸_部分	ヘタ
材料-野菜	椎茸_部分	肉
材料-野菜	椎茸_部分	細切り
材料-野菜	椎茸_部分	柄
材料-野菜	しめじ_部分	石づき
材料-野菜	しめじ_部分	石突
材料-野菜	しめじ_部分	根元
材料-野菜	しめじ_部分	石付き
材料-野菜	しめじ_部分	根っこ
材料-野菜	しめじ_部分	石附
材料-野菜	しめじ_部分	軸
材料-野菜	しめじ_部分	下
材料-野菜	しめじ_部分	傘
材料-野菜	しめじ_部分	石突き
材料-野菜	しめじ_部分	石鎚
材料-野菜	しめじ_部分	根本
材料-野菜	しめじ_部分	房
材料-野菜	しめじ_部分	石つき
材料-野菜	しめじ_部分	根
材料-野菜	しめじ_部分	ガク
材料-野菜	しめじ_部分	表面
材料-野菜	しめじ_部分	石付
材料-野菜	しめじ_部分	いしじき
材料-野菜	しめじ_部分	いしづち
材料-野菜	しめじ_部分	みじん切り
材料-野菜	しめじ_部分	小房
材料-野菜	しめじ_部分	株
材料-野菜	しめじ_部分	乱切り
材料-野菜	しめじ_部分	具
材料-野菜	まいたけ_部分	石づき
材料-野菜	まいたけ_部分	石突
材料-野菜	まいたけ_部分	株
材料-野菜	まいたけ_部分	みじん切り
材料-野菜	まいたけ_部分	軸
材料-野菜	まいたけ_部分	根元
材料-野菜	まいたけ_部分	ヘタ
材料-野菜	まいたけ_部分	根
材料-野菜	えのき_部分	石づき
材料-野菜	えのき_部分	根っこ
材料-野菜	えのき_部分	石鎚
材料-野菜	えのき_部分	根元
材料-野菜	えのき_部分	石突
材料-野菜	えのき_部分	根
材料-野菜	えのき_部分	下っ端
材料-野菜	えのき_部分	下
材料-野菜	えのき_部分	石附
材料-野菜	えのき_部分	房
材料-野菜	えのき_部分	中身
材料-野菜	えのき_部分	横
材料-野菜	マッシュルーム_部分	石づき
材料-野菜	マッシュルーム_部分	軸
材料-野菜	マッシュルーム_部分	スライス
材料-野菜	マッシュルーム_部分	内側
材料-野菜	マッシュルーム_部分	石突き
材料-野菜	マッシュルーム_部分	石突
材料-野菜	マッシュルーム_部分	表面
材料-野菜	マッシュルーム_部分	かさ
材料-野菜	マッシュルーム_部分	裏側
材料-野菜	マッシュルーム_部分	上面
材料-野菜	マッシュルーム_部分	芯
材料-野菜	マッシュルーム_部分	薄切り
材料-野菜	マッシュルーム_部分	両面
材料-野菜	マッシュルーム_部分	柄
材料-野菜	エリンギ_部分	両面
材料-野菜	エリンギ_部分	軸
材料-野菜	エリンギ_部分	みじん切り
材料-野菜	エリンギ_部分	石づき
材料-野菜	エリンギ_部分	下
材料-野菜	エリンギ_部分	カサ
材料-野菜	エリンギ_部分	石突
材料-野菜	エリンギ_部分	かさ
材料-野菜	エリンギ_部分	回り
材料-野菜	エリンギ_部分	切り口
材料-野菜	エリンギ_部分	断面
材料-野菜	エリンギ_部分	片面
材料-野菜	エリンギ_部分	まわり
材料-野菜	エリンギ_部分	細切り
材料-野菜	エリンギ_部分	スライス
材料-野菜	エリンギ_部分	表面
材料-野菜	なめこ_部分	石づき
材料-野菜	まつたけ_部分	石づき
材料-野菜	まつたけ_部分	かさ
材料-野菜	まつたけ_部分	傘
材料-野菜	まつたけ_部分	石突
材料-野菜	まつたけ_部分	軸
材料-野菜	まつたけ_部分	茎
材料-野菜	まつたけ_部分	表面
材料-野菜	大豆_部分	皮
材料-野菜	大豆_部分	表面
材料-野菜	大豆_部分	粒
材料-野菜	大豆_部分	薄皮
材料-野菜	大豆_部分	全体
材料-野菜	大豆_部分	ダマ
材料-野菜	大豆_部分	ペースト
材料-野菜	大豆_部分	みじん切り
材料-野菜	小豆_部分	粒
材料-野菜	小豆_部分	芯
材料-野菜	小豆_部分	繊維
材料-野菜	小豆_部分	頭
材料-野菜	小豆_部分	部分
材料-野菜	インゲン豆_部分	筋
材料-野菜	インゲン豆_部分	両端
材料-野菜	インゲン豆_部分	ヘタ
材料-野菜	ラディッシュ_部分	葉
材料-野菜	ラディッシュ_部分	根
材料-野菜	ラディッシュ_部分	薄切り
材料-野菜	ラディッシュ_部分	実
材料-野菜	ラディッシュ_部分	葉っぱ
材料-野菜	ラディッシュ_部分	中心
材料-野菜	ラディッシュ_部分	株
材料-野菜	ラディッシュ_部分	輪切り
材料-野菜	ラディッシュ_部分	へた
材料-野菜	ラディッシュ_部分	芽
材料-野菜	ラディッシュ_部分	身
材料-野菜	ヤーコン_部分	皮
材料-野菜	ヤーコン_部分	薄皮
材料-野菜	シソ_部分	葉
材料-野菜	シソ_部分	千切り
材料-野菜	シソ_部分	実
材料-野菜	シソ_部分	みじん切り
材料-野菜	シソ_部分	穂
材料-野菜	シソ_部分	せん切り
材料-野菜	シソ_部分	細切り
材料-野菜	シソ_部分	軸
材料-野菜	シソ_部分	茎
材料-野菜	シソ_部分	裏側
材料-野菜	シソ_部分	花
材料-野菜	シソ_部分	片面
材料-野菜	シソ_部分	花穂
材料-野菜	シソ_部分	裏面
材料-野菜	シソ_部分	面
材料-野菜	シソ_部分	細千切り
材料-野菜	シソ_部分	両面
材料-野菜	シソ_部分	切れ端
材料-野菜	シソ_部分	表面
材料-野菜	シソ_部分	みじんぎりしたもの
材料-野菜	シソ_部分	糸切り
材料-野菜	シソ_部分	葉脈
材料-野菜	シソ_部分	みじんぎり
材料-野菜	シソ_部分	新芽
材料-野菜	シソ_部分	表側
材料-野菜	シソ_部分	粗みじん
材料-野菜	シソ_部分	粗みじん切り
材料-野菜	シソ_部分	芽
材料-野菜	シソ_部分	葉っぱ
材料-野菜	シソ_部分	裏
材料-野菜	シソ_部分	内側
材料-野菜	ガーリック_部分	芽
材料-野菜	ガーリック_部分	みじん切り
材料-野菜	ガーリック_部分	スライス
材料-野菜	ガーリック_部分	皮
材料-野菜	ガーリック_部分	薄切り
材料-野菜	ガーリック_部分	切り口
材料-野菜	ガーリック_部分	芯
材料-野菜	ガーリック_部分	みじんぎり
材料-野菜	ガーリック_部分	微塵切り
材料-野菜	ガーリック_部分	茎
材料-野菜	ガーリック_部分	葉
材料-野菜	ガーリック_部分	薄皮
材料-野菜	ガーリック_部分	周り
材料-野菜	ガーリック_部分	表面
材料-野菜	ガーリック_部分	根元
材料-野菜	ガーリック_部分	みじん
材料-野菜	ガーリック_部分	チップ
材料-野菜	ガーリック_部分	断面
材料-野菜	ガーリック_部分	まわり
材料-野菜	ガーリック_部分	ミジン切り
材料-野菜	ガーリック_部分	真ん中
材料-野菜	ガーリック_部分	輪切り
材料-野菜	ガーリック_部分	ペースト
材料-野菜	茗荷_部分	千切り
材料-野菜	茗荷_部分	線切り
材料-野菜	茗荷_部分	茎
材料-野菜	茗荷_部分	みじん切り
材料-野菜	茗荷_部分	薄切り
材料-野菜	茗荷_部分	根元
材料-野菜	茗荷_部分	細切り
材料-野菜	茗荷_部分	スライス
材料-野菜	茗荷_部分	根本
材料-野菜	茗荷_部分	せん切り
材料-野菜	茗荷_部分	花
材料-野菜	茗荷_部分	皮
材料-野菜	生姜_部分	千切り
材料-野菜	生姜_部分	みじん切り
材料-野菜	生姜_部分	皮
材料-野菜	生姜_部分	薄切り
材料-野菜	生姜_部分	スライス
材料-野菜	生姜_部分	せん切り
材料-野菜	生姜_部分	微塵切り
材料-野菜	生姜_部分	細切り
材料-野菜	生姜_部分	輪切り
材料-野菜	生姜_部分	繊維
材料-野菜	生姜_部分	うす切り
材料-野菜	生姜_部分	みじんぎり
材料-野菜	生姜_部分	すり卸
材料-野菜	生姜_部分	みじん切リ
材料-野菜	生姜_部分	欠片
材料-野菜	生姜_部分	かけら
材料-野菜	生姜_部分	筋
材料-野菜	生姜_部分	短冊切り
材料-野菜	生姜_部分	表面
材料-野菜	紅生姜_部分	みじん切り
材料-野菜	紅生姜_部分	具材
材料-野菜	紅生姜_部分	細切り
材料-野菜	紅生姜_部分	スライス
材料-野菜	らっきょう_部分	みじん切り
材料-野菜	らっきょう_部分	薄皮
材料-野菜	らっきょう_部分	葉
材料-野菜	らっきょう_部分	根っこ
材料-野菜	らっきょう_部分	皮
材料-野菜	らっきょう_部分	先
材料-野菜	らっきょう_部分	両端
材料-野菜	らっきょう_部分	頭
材料-野菜	らっきょう_部分	根
材料-野菜	らっきょう_部分	茎
材料-野菜	らっきょう_部分	下
材料-野菜	スプラウト_部分	根元
材料-野菜	スプラウト_部分	根
材料-野菜	スプラウト_部分	葉
材料-野菜	スプラウト_部分	土台
材料-野菜	スプラウト_部分	頭
材料-野菜	スプラウト_部分	茎
材料-野菜	スプラウト_部分	下
材料-野菜	スプラウト_部分	みじん切り
材料-野菜	高菜_部分	葉
材料-野菜	高菜_部分	茎
材料-野菜	高菜_部分	葉部分
材料-野菜	唐辛子_部分	輪切り
材料-野菜	唐辛子_部分	種
材料-野菜	唐辛子_部分	ヘタ
材料-野菜	唐辛子_部分	小口切り
材料-野菜	唐辛子_部分	へた
材料-野菜	唐辛子_部分	みじん切り
材料-野菜	唐辛子_部分	実
材料-野菜	唐辛子_部分	頭
材料-野菜	唐辛子_部分	軸
材料-野菜	唐辛子_部分	葉
材料-野菜	唐辛子_部分	茎
材料-野菜	唐辛子_部分	スライス
材料-野菜	唐辛子_部分	表面
材料-野菜	唐辛子_部分	タネ
材料-野菜	唐辛子_部分	細切り
材料-野菜	唐辛子_部分	端
材料-野菜	唐辛子_部分	斜め切り
材料-野菜	唐辛子_部分	周り
材料-野菜	唐辛子_部分	両面
材料-野菜	リンゴ_部分	皮
材料-野菜	リンゴ_部分	芯
材料-野菜	リンゴ_部分	スライス
材料-野菜	リンゴ_部分	種
材料-野菜	リンゴ_部分	しん
材料-野菜	リンゴ_部分	表面
材料-野菜	リンゴ_部分	実
材料-野菜	リンゴ_部分	中身
材料-野菜	リンゴ_部分	タネ
材料-野菜	リンゴ_部分	薄切り
材料-野菜	リンゴ_部分	中央
材料-野菜	リンゴ_部分	まわり
材料-野菜	リンゴ_部分	両面
材料-野菜	リンゴ_部分	角切り
材料-野菜	リンゴ_部分	ヘタ
材料-野菜	リンゴ_部分	中心
材料-野菜	リンゴ_部分	いちょう切り
材料-野菜	バナナ_部分	皮
材料-野菜	バナナ_部分	輪切り
材料-野菜	バナナ_部分	スライス
材料-野菜	バナナ_部分	固形
材料-野菜	バナナ_部分	塊
材料-野菜	バナナ_部分	固まり
材料-野菜	バナナ_部分	花
材料-野菜	バナナ_部分	粒
材料-野菜	バナナ_部分	表面
材料-野菜	バナナ_部分	面
材料-野菜	バナナ_部分	ペースト
材料-野菜	バナナ_部分	上側
材料-野菜	バナナ_部分	周り
材料-野菜	バナナ_部分	実
材料-野菜	バナナ_部分	まわり
材料-野菜	バナナ_部分	身
材料-野菜	グレープフルーツ_部分	皮
材料-野菜	グレープフルーツ_部分	果肉
材料-野菜	グレープフルーツ_部分	実
材料-野菜	グレープフルーツ_部分	薄皮
材料-野菜	グレープフルーツ_部分	上下部分
材料-野菜	グレープフルーツ_部分	上端
材料-野菜	グレープフルーツ_部分	むき実
材料-野菜	グレープフルーツ_部分	カサ
材料-野菜	グレープフルーツ_部分	外皮
材料-野菜	グレープフルーツ_部分	上下
材料-野菜	グレープフルーツ_部分	表面
材料-野菜	キウイ_部分	皮
材料-野菜	キウイ_部分	スライス
材料-野菜	キウイ_部分	輪切り
材料-野菜	キウイ_部分	毛
材料-野菜	キウイ_部分	腹
材料-野菜	キウイ_部分	実
材料-野菜	キウイ_部分	ヘタ
材料-野菜	キウイ_部分	角切り
材料-野菜	キウイ_部分	種
材料-野菜	イチゴ_部分	ヘタ
材料-野菜	イチゴ_部分	へた
材料-野菜	イチゴ_部分	先
材料-野菜	イチゴ_部分	スライス
材料-野菜	イチゴ_部分	頭
材料-野菜	イチゴ_部分	先端
材料-野菜	イチゴ_部分	粒
材料-野菜	イチゴ_部分	根もと
材料-野菜	イチゴ_部分	塊
材料-野菜	イチゴ_部分	果実
材料-野菜	イチゴ_部分	種
材料-野菜	イチゴ_部分	薄切り
材料-野菜	イチゴ_部分	土台
材料-野菜	イチゴ_部分	上段部分
材料-野菜	イチゴ_部分	周り
材料-野菜	イチゴ_部分	下あたり
材料-野菜	イチゴ_部分	ペースト
材料-野菜	イチゴ_部分	みじん切り
材料-野菜	デコポン_部分	皮
材料-野菜	デコポン_部分	果肉
材料-野菜	デコポン_部分	実
材料-野菜	デコポン_部分	薄皮
材料-野菜	サクランボ_部分	種
材料-野菜	サクランボ_部分	枝
材料-野菜	サクランボ_部分	実
材料-野菜	サクランボ_部分	茎
材料-野菜	サクランボ_部分	柄
材料-野菜	サクランボ_部分	へた
材料-野菜	サクランボ_部分	粒
材料-野菜	サクランボ_部分	軸
材料-野菜	メロン_部分	果肉
材料-野菜	メロン_部分	種
材料-野菜	メロン_部分	皮
材料-野菜	メロン_部分	果実
材料-野菜	メロン_部分	真ん中
材料-野菜	メロン_部分	ダイスカット
材料-野菜	メロン_部分	果肉部分
材料-野菜	メロン_部分	皮部分
材料-野菜	メロン_部分	外皮
材料-野菜	メロン_部分	たね
材料-野菜	メロン_部分	縁
材料-野菜	メロン_部分	実
材料-野菜	メロン_部分	角切り
材料-野菜	ビワ_部分	皮
材料-野菜	ビワ_部分	葉
材料-野菜	ビワ_部分	種
材料-野菜	ビワ_部分	実
材料-野菜	ビワ_部分	頭
材料-野菜	梅_部分	種
材料-野菜	梅_部分	実
材料-野菜	梅_部分	果肉
材料-野菜	梅_部分	ヘタ
材料-野菜	梅_部分	タネ
材料-野菜	梅_部分	花
材料-野菜	梅_部分	身
材料-野菜	梅_部分	梅肉
材料-野菜	梅_部分	ペースト
材料-野菜	梅_部分	皮
材料-野菜	梅_部分	へた
材料-野菜	梅_部分	みじん切り
材料-野菜	梅_部分	へそ
材料-野菜	梅_部分	表面
材料-野菜	梅_部分	飾り切り
材料-野菜	梅_部分	肉
材料-野菜	梅_部分	梅肉部分
材料-野菜	梅_部分	回り
材料-野菜	梅_部分	たね
材料-野菜	梅_部分	周り
材料-野菜	あんず_部分	種
材料-野菜	あんず_部分	果肉
材料-野菜	あんず_部分	実
材料-野菜	あんず_部分	皮
材料-野菜	あんず_部分	表面
材料-野菜	パイナップル_部分	皮
材料-野菜	パイナップル_部分	芯
材料-野菜	パイナップル_部分	実
材料-野菜	パイナップル_部分	周り
材料-野菜	パイナップル_部分	繊維
材料-野菜	パイナップル_部分	お尻
材料-野菜	パイナップル_部分	果肉
材料-野菜	パイナップル_部分	切り身
材料-野菜	パイナップル_部分	輪切り
材料-野菜	スイカ_部分	皮
材料-野菜	スイカ_部分	種
材料-野菜	スイカ_部分	実
材料-野菜	スイカ_部分	果肉
材料-野菜	スイカ_部分	表皮近く
材料-野菜	スイカ_部分	両サイド
材料-野菜	スイカ_部分	外皮
材料-野菜	スイカ_部分	外側
材料-野菜	スイカ_部分	中身
材料-野菜	スイカ_部分	身
材料-野菜	スイカ_部分	真ん中
材料-野菜	スイカ_部分	スライス
材料-野菜	プルーン_部分	皮
材料-野菜	プルーン_部分	頭
材料-野菜	ブルーベリー_部分	実
材料-野菜	ブルーベリー_部分	粒
材料-野菜	ブルーベリー_部分	果肉
材料-野菜	落花生_部分	粒
材料-野菜	落花生_部分	殻
材料-野菜	落花生_部分	フィグ
材料-野菜	落花生_部分	左上
材料-野菜	落花生_部分	みじん切り
材料-野菜	落花生_部分	皮
材料-野菜	落花生_部分	薄皮
材料-野菜	落花生_部分	くず
材料-野菜	落花生_部分	全体
材料-野菜	落花生_部分	芯
材料-野菜	落花生_部分	まわり
材料-野菜	落花生_部分	表面
材料-野菜	無花果_部分	皮
材料-野菜	無花果_部分	ヘタ
材料-野菜	無花果_部分	木
材料-野菜	無花果_部分	軸部分
材料-野菜	無花果_部分	実
材料-野菜	無花果_部分	頭
材料-野菜	無花果_部分	茎
材料-野菜	すだち_部分	皮
材料-野菜	すだち_部分	スライス
材料-野菜	すだち_部分	輪切り
材料-野菜	すだち_部分	実
材料-野菜	すだち_部分	薄切り
材料-野菜	すだち_部分	種
材料-野菜	すだち_部分	ヘタ
材料-野菜	すだち_部分	葉
材料-野菜	すだち_部分	細切り
材料-野菜	マンゴー_部分	皮
材料-野菜	マンゴー_部分	果肉
材料-野菜	マンゴー_部分	種
材料-野菜	マンゴー_部分	果実
材料-野菜	マンゴー_部分	実
材料-野菜	マンゴー_部分	端切れ
材料-野菜	マンゴー_部分	左
材料-野菜	マンゴー_部分	側面
材料-野菜	マンゴー_部分	ペースト
材料-野菜	桃_部分	皮
材料-野菜	桃_部分	実
材料-野菜	桃_部分	花
材料-野菜	桃_部分	スライス
材料-野菜	桃_部分	果実
材料-野菜	桃_部分	付け根
材料-野菜	桃_部分	葉
材料-野菜	桃_部分	産毛
材料-野菜	桃_部分	カット
材料-野菜	桃_部分	はし
材料-野菜	桃_部分	部分
材料-野菜	桃_部分	上部
材料-野菜	桃_部分	果肉
材料-野菜	桃_部分	固まり
材料-野菜	桃_部分	頭
材料-野菜	桃_部分	角切り
材料-野菜	柿_部分	皮
材料-野菜	柿_部分	種
材料-野菜	柿_部分	葉
材料-野菜	柿_部分	実
材料-野菜	柿_部分	ヘタ
材料-野菜	柿_部分	中身
材料-野菜	柿_部分	表面
材料-野菜	柿_部分	へた
材料-野菜	柿_部分	固まり
材料-野菜	柿_部分	タネ
材料-野菜	柿_部分	周り
材料-野菜	柿_部分	両面
材料-野菜	柿_部分	身
材料-野菜	柿_部分	スライス
材料-野菜	柿_部分	若葉
材料-野菜	柿_部分	新芽
材料-野菜	柿_部分	櫛切り
材料-野菜	柿_部分	ペースト
材料-野菜	柿_部分	みじん切り
材料-野菜	梨_部分	皮
材料-野菜	梨_部分	果肉
材料-野菜	梨_部分	芯
材料-野菜	梨_部分	具
材料-野菜	洋梨_部分	皮
材料-野菜	洋梨_部分	芯
材料-野菜	洋梨_部分	実
材料-野菜	葡萄_部分	皮
材料-野菜	葡萄_部分	葉
材料-野菜	葡萄_部分	粒
材料-野菜	葡萄_部分	葉っぱ
材料-野菜	葡萄_部分	実
材料-野菜	葡萄_部分	房
材料-野菜	葡萄_部分	果肉
材料-野菜	葡萄_部分	樹
材料-野菜	葡萄_部分	房同士
材料-野菜	クリ_部分	皮
材料-野菜	クリ_部分	鬼皮
材料-野菜	クリ_部分	渋皮
材料-野菜	クリ_部分	実
材料-野菜	クリ_部分	ペースト
材料-野菜	クリ_部分	中身
材料-野菜	クリ_部分	殻
材料-野菜	クリ_部分	粒
材料-野菜	クリ_部分	てっぺん
材料-野菜	クリ_部分	お尻
材料-野菜	クリ_部分	先
材料-野菜	クリ_部分	もじゃもじゃ
材料-野菜	クリ_部分	底
材料-野菜	クリ_部分	みじん切り
材料-野菜	ザクロ_部分	実
材料-野菜	レモン_部分	皮
材料-野菜	レモン_部分	輪切り
材料-野菜	レモン_部分	薄切り
材料-野菜	レモン_部分	スライス
材料-野菜	レモン_部分	くし切り
材料-野菜	レモン_部分	果肉
材料-野菜	レモン_部分	櫛切り
材料-野菜	レモン_部分	表皮
材料-野菜	レモン_部分	実
材料-野菜	レモン_部分	中身
材料-野菜	レモン_部分	果皮
材料-野菜	レモン_部分	端っこ
材料-野菜	レモン_部分	種
材料-野菜	レモン_部分	表面
材料-野菜	レモン_部分	切り身
材料-野菜	きんかん_部分	実
材料-野菜	きんかん_部分	皮
材料-野菜	きんかん_部分	ヘタ
材料-野菜	きんかん_部分	種
材料-野菜	きんかん_部分	へた
材料-野菜	きんかん_部分	上下
材料-野菜	きんかん_部分	軸
材料-野菜	きんかん_部分	芯
材料-野菜	ゆず_部分	皮
材料-野菜	ゆず_部分	千切り
材料-野菜	ゆず_部分	実
材料-野菜	ゆず_部分	種
材料-野菜	ゆず_部分	房
材料-野菜	ゆず_部分	中身
材料-野菜	ゆず_部分	外皮
材料-野菜	ゆず_部分	表面
材料-野菜	ゆず_部分	葉っぱ
材料-野菜	ゆず_部分	果肉部分
材料-野菜	ゆず_部分	スライス
材料-野菜	ゆず_部分	上部
材料-野菜	ゆず_部分	果肉
材料-野菜	ゆず_部分	輪切り
材料-野菜	ゆず_部分	蓋
材料-野菜	ゆず_部分	皮表面
材料-野菜	ゆず_部分	近縁
材料-野菜	ゆず_部分	細切り
材料-野菜	ゆず_部分	みじん切り
材料-野菜	ゆず_部分	表皮
材料-野菜	ゆず_部分	皮部分
材料-野菜	ゆず_部分	帽子
材料-野菜	ゆず_部分	頭
材料-野菜	ゆず_部分	薄皮
材料-野菜	ゆず_部分	ヘタ
材料-野菜	ゆず_部分	葉
材料-野菜	ゆず_部分	薄切り
材料-野菜	はっさく_部分	皮
材料-野菜	はっさく_部分	薄皮
材料-野菜	はっさく_部分	外皮
材料-野菜	はっさく_部分	うす皮
材料-野菜	はっさく_部分	果実
材料-野菜	はっさく_部分	果肉
材料-野菜	はっさく_部分	実
材料-野菜	ミカン_部分	皮
材料-野菜	ミカン_部分	実
材料-野菜	ミカン_部分	果肉
材料-野菜	ミカン_部分	外皮
材料-野菜	ミカン_部分	薄皮
材料-野菜	ミカン_部分	房
材料-野菜	ミカン_部分	果皮
材料-野菜	ミカン_部分	葉
材料-野菜	ミカン_部分	粒
材料-野菜	ミカン_部分	身
材料-野菜	ミカン_部分	スライス
材料-野菜	ミカン_部分	中身
材料-野菜	ミカン_部分	輪切り
材料-野菜	ミカン_部分	蓋
材料-野菜	ミカン_部分	部分
材料-野菜	ミカン_部分	内皮
材料-野菜	ミカン_部分	実半分
材料-野菜	ミカン_部分	むき実
材料-野菜	ミカン_部分	薄切り
材料-野菜	ミカン_部分	つぶ
材料-野菜	ミカン_部分	背中
材料-野菜	ミカン_部分	櫛切り
材料-野菜	ミカン_部分	表面
材料-野菜	ミカン_部分	皮部分
材料-野菜	ミカン_部分	へた
材料-野菜	ミカン_部分	上下
材料-野菜	ミカン_部分	手前
材料-野菜	ミカン_部分	中央
材料-野菜	ミカン_部分	種
材料-野菜	ミカン_部分	周り
材料-野菜	ミカン_部分	角切り
材料-野菜	アロエ_部分	とげ
材料-野菜	アロエ_部分	果肉
材料-野菜	パパイヤ_部分	皮
