材料-魚介	サケ	サケ
材料-魚介	サケ	さけ
材料-魚介	サケ	鮭
材料-魚介	サケ	シャケ
材料-魚介	サケ	しゃけ
材料-魚介	サケ	秋鮭
材料-魚介	サケ	紅鮭
材料-魚介	サケ	サーモン
材料-魚介	サケ	キングサーモン
材料-魚介	サケ	サケフレーク
材料-魚介	サケ	さけフレーク
材料-魚介	サケ	鮭フレーク
材料-魚介	サケ	シャケフレーク
材料-魚介	サケ	しゃけフレーク
材料-魚介	イワシ	イワシ
材料-魚介	イワシ	いわし
材料-魚介	イワシ	鰯
材料-魚介	イワシ	小鰯
材料-魚介	イワシ	真いわし
材料-魚介	イワシ	オイルサーディン
材料-魚介	イワシ	オイルサーディーン
材料-魚介	イワシ	カタクチイワシ
材料-魚介	サバ	サバ
材料-魚介	サバ	さば
材料-魚介	サバ	鯖
材料-魚介	鯵	鯵
材料-魚介	鯵	鰺
材料-魚介	鯵	あじ
材料-魚介	鯵	アジ
材料-魚介	鯵	小鯵
材料-魚介	鯵	小鰺
材料-魚介	鯵	小あじ
材料-魚介	鯵	小アジ
材料-魚介	鯵	豆鯵
材料-魚介	鯵	豆鰺
材料-魚介	鯵	豆あじ
材料-魚介	鯵	豆アジ
材料-魚介	ブリ	ブリ
材料-魚介	ブリ	ぶり
材料-魚介	ブリ	鰤
材料-魚介	ブリ	寒ブリ
材料-魚介	ブリ	寒ぶり
材料-魚介	ブリ	寒鰤
材料-魚介	ブリ	ハマチ
材料-魚介	ブリ	はまち
材料-魚介	ブリ	ワラサ
材料-魚介	秋刀魚	秋刀魚
材料-魚介	秋刀魚	さんま
材料-魚介	秋刀魚	サンマ
材料-魚介	タイ	タイ
材料-魚介	タイ	たい
材料-魚介	タイ	鯛
材料-魚介	タイ	マダイ
材料-魚介	タイ	まだい
材料-魚介	タイ	真鯛
材料-魚介	タイ	クロダイ
材料-魚介	タイ	くろだい
材料-魚介	タイ	黒鯛
材料-魚介	タイ	チヌ
材料-魚介	タイ	ちぬ
材料-魚介	タイ	茅渟
材料-魚介	マグロ	マグロ
材料-魚介	マグロ	まぐろ
材料-魚介	マグロ	鮪
材料-魚介	マグロ	ビンナガ
材料-魚介	マグロ	びんなが
材料-魚介	マグロ	ビン長
材料-魚介	マグロ	びん長
材料-魚介	マグロ	ビンナガマグロ
材料-魚介	マグロ	びんながまぐろ
材料-魚介	マグロ	ビンチョウ
材料-魚介	マグロ	びんちょう
材料-魚介	マグロ	ビンチョウマグロ
材料-魚介	マグロ	びんちょうまぐろ
材料-魚介	マグロ	トンボマグロ
材料-魚介	マグロ	シビマグロ
材料-魚介	マグロ	ビナガ
材料-魚介	マグロ	カンタロウ
材料-魚介	マグロ	カンタ
材料-魚介	マグロ	トンボ
材料-魚介	マグロ	トンボシビ
材料-魚介	マグロ	クロマグロ
材料-魚介	マグロ	くろまぐろ
材料-魚介	マグロ	黒鮪
材料-魚介	マグロ	クロ鮪
材料-魚介	マグロ	ホンマグロ
材料-魚介	マグロ	シビ
材料-魚介	マグロ	クロシビ
材料-魚介	マグロ	ハツ
材料-魚介	マグロ	メバチ
材料-魚介	マグロ	めばち
材料-魚介	マグロ	目鉢
材料-魚介	マグロ	メバチマグロ
材料-魚介	マグロ	めばちまぐろ
材料-魚介	マグロ	目鉢マグロ
材料-魚介	マグロ	目鉢鮪
材料-魚介	マグロ	バチ
材料-魚介	マグロ	メブト
材料-魚介	マグロ	キハダ
材料-魚介	マグロ	きはだ
材料-魚介	マグロ	黄肌
材料-魚介	マグロ	木肌
材料-魚介	マグロ	キハダマグロ
材料-魚介	マグロ	きはだまぐろ
材料-魚介	マグロ	キハダ鮪
材料-魚介	マグロ	キハダまぐろ
材料-魚介	マグロ	黄肌まぐろ
材料-魚介	マグロ	黄肌マグロ
材料-魚介	マグロ	黄肌鮪
材料-魚介	マグロ	木肌鮪
材料-魚介	マグロ	キワダ
材料-魚介	マグロ	ゲスナガ
材料-魚介	マグロ	マシビ
材料-魚介	マグロ	イトシビ
材料-魚介	マグロ	キンヒレ
材料-魚介	マグロ	大トロ
材料-魚介	マグロ	大とろ
材料-魚介	マグロ	中トロ
材料-魚介	マグロ	中とろ
材料-魚介	マグロ	ツナ
材料-魚介	カレイ	カレイ
材料-魚介	カレイ	かれい
材料-魚介	カレイ	鰈
材料-魚介	カレイ	カラスカレイ
材料-魚介	カレイ	カラスガレイ
材料-魚介	ワカサギ	ワカサギ
材料-魚介	ワカサギ	わかさぎ
材料-魚介	ワカサギ	公魚
材料-魚介	鱈	鱈
材料-魚介	鱈	たら
材料-魚介	鱈	タラ
材料-魚介	鱈	真鱈
材料-魚介	鱈	真たら
材料-魚介	鱈	まだら
材料-魚介	鱈	マダラ
材料-魚介	鱈	介党鱈
材料-魚介	鱈	スケトウダラ
材料-魚介	鱈	すけとうだら
材料-魚介	鱈	助惣鱈
材料-魚介	鱈	スケソウダラ
材料-魚介	鱈	すけそうだら
材料-魚介	鰆	鰆
材料-魚介	鰆	サワラ
材料-魚介	鰆	さわら
材料-魚介	きす	きす
材料-魚介	きす	キス
材料-魚介	きす	鱚
材料-魚介	きす	鼠頭魚
材料-魚介	めばる	めばる
材料-魚介	めばる	メバル
材料-魚介	めばる	眼張
材料-魚介	めばる	眼張魚
材料-魚介	めばる	鮴
材料-魚介	めばる	ほごメバル
材料-魚介	めばる	キメバル
材料-魚介	鰹	鰹
材料-魚介	鰹	カツオ
材料-魚介	鰹	かつお
材料-魚介	かじき	かじき
材料-魚介	かじき	カジキ
材料-魚介	かじき	梶木
材料-魚介	かじき	舵木
材料-魚介	かじき	旗魚
材料-魚介	かじき	メカジキ
材料-魚介	かじき	カジキマグロ
材料-魚介	かじき	カジキまぐろ
材料-魚介	かじき	かじきまぐろ
材料-魚介	かじき	めかじき
材料-魚介	かじき	まかじき
材料-魚介	かじき	マカジキ
材料-魚介	あかうお	あかうお
材料-魚介	あかうお	アカウオ
材料-魚介	あかうお	赤魚
材料-魚介	あかうお	赤さかな
材料-魚介	ほっけ	ほっけ
材料-魚介	ほっけ	ホッケ
材料-魚介	ほっけ	しまほっけ
材料-魚介	ほっけ	シマホッケ
材料-魚介	ほっけ	縞ほっけ
材料-魚介	ほっけ	縞ホッケ
材料-魚介	ほっけ	真ほっけ
材料-魚介	ほっけ	真ホッケ
材料-魚介	ほっけ	姫ほっけ
材料-魚介	ほっけ	姫ホッケ
材料-魚介	しらす	しらす
材料-魚介	しらす	シラス
材料-魚介	しらす	白子
材料-魚介	しらす	かまあげしらす
材料-魚介	しらす	釜あげしらす
材料-魚介	しらす	釜揚げしらす
材料-魚介	しらす	ちりめんじゃこ
材料-魚介	しらす	ちりめんジャコ
材料-魚介	しらす	ちりめん雑魚
材料-魚介	しらす	チリメンじゃこ
材料-魚介	しらす	チリメンジャコ
材料-魚介	しらす	チリメン雑魚
材料-魚介	しらす	縮緬雑魚
材料-魚介	しらす	じゃこ
材料-魚介	しらす	ジャコ
材料-魚介	ししゃも	ししゃも
材料-魚介	ししゃも	シシャモ
材料-魚介	ししゃも	柳葉魚
材料-魚介	ししゃも	からふとししゃも
材料-魚介	ししゃも	カラフトシシャモ
材料-魚介	ししゃも	樺太柳葉魚
材料-魚介	あんこう	あんこう
材料-魚介	あんこう	アンコウ
材料-魚介	あんこう	鮟鱇
材料-魚介	あんこう	あん肝
材料-魚介	あんこう	あんきも
材料-魚介	あんこう	アンキモ
材料-魚介	アナゴ	アナゴ
材料-魚介	アナゴ	穴子
材料-魚介	アナゴ	海鰻
材料-魚介	アナゴ	海鰻&#40058;
材料-魚介	アナゴ	あなご
材料-魚介	ウナギ	ウナギ
材料-魚介	ウナギ	うなぎ
材料-魚介	ウナギ	鰻
材料-魚介	きんめだい	きんめだい
材料-魚介	きんめだい	キンメダイ
材料-魚介	きんめだい	金目鯛
材料-魚介	きんめだい	きんめ
材料-魚介	きんめだい	キンメ
材料-魚介	きんめだい	キンメ鯛
材料-魚介	きんめだい	金目
材料-魚介	エビ	エビ
材料-魚介	エビ	えび
材料-魚介	エビ	海老
材料-魚介	エビ	有頭エビ
材料-魚介	エビ	有頭えび
材料-魚介	エビ	有頭海老
材料-魚介	エビ	アルゼンチンエビ
材料-魚介	エビ	アルゼンチンえび
材料-魚介	エビ	アルゼンチン海老
材料-魚介	エビ	ブラックタイガー
材料-魚介	エビ	バナメイエビ
材料-魚介	エビ	甘エビ
材料-魚介	エビ	甘えび
材料-魚介	エビ	甘海老
材料-魚介	エビ	伊勢エビ
材料-魚介	エビ	伊勢えび
材料-魚介	エビ	伊勢海老
材料-魚介	エビ	小エビ
材料-魚介	エビ	小えび
材料-魚介	エビ	小海老
材料-魚介	エビ	大正エビ
材料-魚介	エビ	大正えび
材料-魚介	エビ	大正海老
材料-魚介	エビ	桜エビ
材料-魚介	エビ	桜えび
材料-魚介	エビ	桜海老
材料-魚介	エビ	さくらえび
材料-魚介	エビ	サクラエビ
材料-魚介	エビ	車エビ
材料-魚介	エビ	車えび
材料-魚介	エビ	車海老
材料-魚介	イカ	イカ
材料-魚介	イカ	いか
材料-魚介	イカ	烏賊
材料-魚介	イカ	ヤリイカ
材料-魚介	イカ	ヤリいか
材料-魚介	イカ	やりイカ
材料-魚介	イカ	やりいか
材料-魚介	イカ	槍烏賊
材料-魚介	イカ	スルメイカ
材料-魚介	イカ	スルメいか
材料-魚介	イカ	するめイカ
材料-魚介	イカ	するめいか
材料-魚介	イカ	鯣烏賊
材料-魚介	イカ	ホタルイカ
材料-魚介	イカ	ホタルいか
材料-魚介	イカ	ほたるイカ
材料-魚介	イカ	ほたるいか
材料-魚介	イカ	蛍烏賊
材料-魚介	タコ	タコ
材料-魚介	タコ	たこ
材料-魚介	タコ	蛸
材料-魚介	あさり	あさり
材料-魚介	あさり	アサリ
材料-魚介	あさり	浅蜊
材料-魚介	あさり	蛤仔
材料-魚介	あさり	鯏
材料-魚介	帆立貝	帆立貝
材料-魚介	帆立貝	ほたて貝
材料-魚介	帆立貝	ホタテ貝
材料-魚介	帆立貝	ホタテガイ
材料-魚介	帆立貝	帆立
材料-魚介	帆立貝	ほたて
材料-魚介	帆立貝	ホタテ
材料-魚介	しじみ	しじみ
材料-魚介	しじみ	シジミ
材料-魚介	しじみ	蜆
材料-魚介	はまぐり	はまぐり
材料-魚介	はまぐり	ハマグリ
材料-魚介	はまぐり	蛤
材料-魚介	はまぐり	ホンビノス貝
材料-魚介	はまぐり	ホンビノスガイ
材料-魚介	はまぐり	大あさり
材料-魚介	はまぐり	大アサリ
材料-魚介	ムール貝	ムール貝
材料-魚介	ムール貝	しゅうり貝
材料-魚介	アワビ	アワビ
材料-魚介	アワビ	あわび
材料-魚介	アワビ	鮑
材料-魚介	サザエ	サザエ
材料-魚介	サザエ	さざえ
材料-魚介	つぶ貝	つぶ貝
材料-魚介	つぶ貝	ツブ貝
材料-魚介	つぶ貝	つぶ
材料-魚介	つぶ貝	ツブ
材料-魚介	つぶ貝	螺
材料-魚介	つぶ貝	青つぶ
材料-魚介	つぶ貝	灯台つぶ
材料-魚介	つぶ貝	灯台ツブ
材料-魚介	つぶ貝	磯つぶ
材料-魚介	つぶ貝	磯ツブ
材料-魚介	つぶ貝	磯つぶ貝
材料-魚介	つぶ貝	真つぶ
材料-魚介	つぶ貝	真ツブ
材料-魚介	つぶ貝	マツブ
材料-魚介	つぶ貝	真つぶ貝
材料-魚介	ほっき貝	ほっき貝
材料-魚介	ほっき貝	ホッキ貝
材料-魚介	ほっき貝	ホッキガイ
材料-魚介	ほっき貝	北寄貝
材料-魚介	ほっき貝	ウバガイ
材料-魚介	ほっき貝	姥貝
材料-魚介	ほっき貝	ホッキ
材料-魚介	ほっき貝	北寄
材料-魚介	ほっき貝	ほっき
材料-魚介	カキ	カキ
材料-魚介	カキ	かき
材料-魚介	カキ	牡蠣
材料-魚介	カキ	牡蛎
材料-魚介	かに	かに
材料-魚介	かに	蟹
材料-魚介	かに	カニ
材料-魚介	クラゲ	クラゲ
材料-魚介	クラゲ	水母
材料-魚介	クラゲ	海月
材料-魚介	クラゲ	水月
材料-魚介	クラゲ	くらげ
材料-魚介	ウニ	ウニ
材料-魚介	ウニ	うに
材料-魚介	ウニ	雲丹
材料-魚介	なまこ	なまこ
材料-魚介	なまこ	ナマコ
材料-魚介	なまこ	海鼠
材料-魚介	なまこ	赤なまこ
材料-魚介	アユ	アユ
材料-魚介	アユ	鮎
材料-魚介	アユ	香魚
材料-魚介	アユ	年魚
材料-魚介	アユ	あゆ
材料-魚介	イカナゴ	イカナゴ
材料-魚介	イカナゴ	玉筋魚
材料-魚介	イカナゴ	鮊子
材料-魚介	イカナゴ	いかなご
材料-魚介	イカナゴ	フルセ
材料-魚介	鯉	鯉
材料-魚介	鯉	コイ
材料-魚介	鯉	こい
材料-魚介	コノシロ	コノシロ
材料-魚介	コノシロ	鰶
材料-魚介	コノシロ	鮗
材料-魚介	コノシロ	鯯
材料-魚介	コノシロ	鱅
材料-魚介	コノシロ	このしろ
材料-魚介	サメ	サメ
材料-魚介	サメ	さめ
材料-魚介	サメ	鮫
材料-魚介	サメ	モロサメ
材料-魚介	サメ	もうかサメ
材料-魚介	サメ	ホシザメ
材料-魚介	サメ	モウカ鮫
材料-魚介	サメ	もうかさめ
材料-魚介	サメ	棒さめ
材料-魚介	タチウオ	タチウオ
材料-魚介	タチウオ	太刀魚
材料-魚介	タチウオ	立魚
材料-魚介	タチウオ	タチノウオ
材料-魚介	タチウオ	ハクナギ
材料-魚介	タチウオ	ハクウオ
材料-魚介	タチウオ	サワベル
材料-魚介	タチウオ	シラガ
材料-魚介	タチウオ	たちうお
材料-魚介	トビウオ	トビウオ
材料-魚介	トビウオ	飛魚
材料-魚介	トビウオ	とびうお
材料-魚介	トビウオ	飛び魚
材料-魚介	ナマズ	ナマズ
材料-魚介	ナマズ	鯰
材料-魚介	ナマズ	なまず
材料-魚介	ナマズ	キャットフィッシュ
材料-魚介	ニシン	ニシン
材料-魚介	ニシン	にしん
材料-魚介	ニシン	鰊
材料-魚介	ニシン	鯡
材料-魚介	ハゼ	ハゼ
材料-魚介	ハゼ	鯊
材料-魚介	ハゼ	沙魚
材料-魚介	ハゼ	蝦虎魚
材料-魚介	ハゼ	はぜ
材料-魚介	ハタハタ	ハタハタ
材料-魚介	ハタハタ	ハタハタ
材料-魚介	ハタハタ	鰰
材料-魚介	ハタハタ	はたはた
材料-魚介	ハモ	ハモ
材料-魚介	ハモ	はも
材料-魚介	ハモ	鱧
材料-魚介	ヒラメ	ヒラメ
材料-魚介	ヒラメ	舌平目
材料-魚介	ヒラメ	平目
材料-魚介	ヒラメ	ひらめ
材料-魚介	ヒラメ	赤舌ひらめ
材料-魚介	ヒラメ	舌ヒラメ
材料-魚介	ヒラメ	孫兵衛ひらめ
材料-魚介	ヒラメ	沖ひらめ
材料-魚介	フグ	フグ
材料-魚介	フグ	河豚
材料-魚介	フグ	ふぐ
材料-魚介	フグ	サバフグ
材料-魚介	フグ	シロサバフグ
材料-魚介	フグ	ごまふぐ
材料-魚介	フグ	カナトフグ
材料-魚介	フグ	かなとふぐ
材料-魚介	フグ	ショウサイフグ
材料-魚介	フグ	しょうさいふぐ
材料-魚介	フグ	鯖ふぐ
材料-魚介	フナ	フナ
材料-魚介	フナ	鮒
材料-魚介	フナ	ふな
材料-魚介	ホヤ	ホヤ
材料-魚介	ホヤ	ほや
材料-魚介	ホヤ	ホヤ貝
材料-魚介	ホヤ	ほや貝
材料-魚介	ボラ	ボラ
材料-魚介	ボラ	ぼら
材料-魚介	ボラ	鰡
材料-魚介	ボラ	鯔
材料-魚介	ボラ	鮱
材料-魚介	ボラ	沖ボラ
材料-魚介	マツカサウオ	マツカサウオ
材料-魚介	マツカサウオ	松笠魚
材料-魚介	マツカサウオ	まつかさうお
材料-魚介	メジナ	メジナ
材料-魚介	メジナ	めじな
材料-魚介	メジナ	眼仁奈
材料-魚介	メジナ	グレ
材料-魚介	メジナ	ぐれ
材料-魚介	ヤマメ	やまめ
材料-魚介	ヤマメ	ヤマメ
材料-魚介	ヤマメ	山女魚
材料-魚介	ヤマメ	山女
材料-肉	牛肉	牛肉
材料-肉	牛肉	ビーフ
材料-肉	牛肉	牛モモブロック
材料-肉	牛肉	牛カルビ肉
材料-肉	牛肉	牛スジ肉
材料-肉	牛肉	牛こま肉
材料-肉	牛肉	牛小間肉
材料-肉	牛肉	牛肉かたまり
材料-肉	牛肉	牛ヒレ肉
材料-肉	牛肉	牛スジ
材料-肉	牛肉	牛バラ肉
材料-肉	牛肉	牛すじ肉
材料-肉	牛肉	牛カルビ
材料-肉	牛肉	牛もも肉
材料-肉	牛肉	牛かたまり肉
材料-肉	牛肉	牛モモ肉
材料-肉	牛肉	牛スネ肉
材料-肉	牛肉	牛すね肉
材料-肉	牛肉	牛肉こま切れ
材料-肉	牛肉	牛筋
材料-肉	牛肉	牛切り落とし
材料-肉	牛肉	牛すじ
材料-肉	牛肉	牛薄切り
材料-肉	牛肉	牛肩ロース
材料-肉	牛肉	牛肉こまぎれ
材料-肉	牛肉	牛筋肉
材料-肉	牛肉	牛ステーキ肉
材料-肉	牛肉	牛薄切り肉
材料-肉	牛肉	牛こま切れ肉
材料-肉	牛肉	牛切り落とし肉
材料-肉	牛肉	牛タン
材料-肉	牛肉	牛細切れ肉
材料-肉	牛肉	薄切り牛肉
材料-肉	牛肉	牛ロース肉
材料-肉	牛肉	牛肉薄切り
材料-肉	牛肉	牛肉スライス
材料-肉	牛肉	牛肉切り落とし
材料-肉	牛肉	牛薄切り肉
材料-肉	牛肉	牛タン
材料-肉	牛肉	牛カルビ
材料-肉	牛肉	牛
材料-肉	牛肉	牛もも
材料-肉	牛肉	牛モモ
材料-肉	牛肉	牛肩バラ切り落とし
材料-肉	牛肉	牛コマ
材料-肉	牛肉	牛ほほ肉
材料-肉	牛肉	牛モモ塊肉
材料-肉	牛肉	牛肉かたまり肉
材料-肉	牛肉	牛ばら肉
材料-肉	牛肉	牛肉もも肉
材料-肉	牛肉	牛バラ薄切り肉
材料-肉	牛肉	和牛すじ肉
材料-肉	牛肉	牛味付け肉
材料-肉	牛肉	牛コマ切れ
材料-肉	牛肉	牛ハラミ
材料-肉	豚肉	豚肉
材料-肉	豚肉	ポーク
材料-肉	豚肉	豚ロース切り身
材料-肉	豚肉	豚スライス肉
材料-肉	豚肉	豚ロースかたまり
材料-肉	豚肉	豚バラ肉塊
材料-肉	豚肉	豚ばらブロック
材料-肉	豚肉	豚ヒレ
材料-肉	豚肉	豚かたまり
材料-肉	豚肉	豚レバー
材料-肉	豚肉	豚バラ塊肉
材料-肉	豚肉	豚バラ塊
材料-肉	豚肉	豚ロースブロック
材料-肉	豚肉	豚モモブロック
材料-肉	豚肉	豚足
材料-肉	豚肉	豚軟骨
材料-肉	豚肉	豚こまぎれ肉
材料-肉	豚肉	豚ロースかたまり肉
材料-肉	豚肉	豚塊肉
材料-肉	豚肉	豚肉ブロック
材料-肉	豚肉	豚肩ロースかたまり肉
材料-肉	豚肉	豚ロース
材料-肉	豚肉	豚ブロック肉
材料-肉	豚肉	豚ももかたまり
材料-肉	豚肉	豚バラ肉ブロック
材料-肉	豚肉	豚肉かたまり
材料-肉	豚肉	豚モモ肉
材料-肉	豚肉	豚肩ロース肉
材料-肉	豚肉	豚バラかたまり
材料-肉	豚肉	豚ヒレ肉
材料-肉	豚肉	豚ひれ肉
材料-肉	豚肉	豚ももブロック
材料-肉	豚肉	豚バラブロック
材料-肉	豚肉	豚肩ロースブロック
材料-肉	豚肉	豚ロース肉
材料-肉	豚肉	豚ロース
材料-肉	豚肉	豚かたまり肉
材料-肉	豚肉	豚肩ロース塊
材料-肉	豚肉	豚コマ
材料-肉	豚肉	豚もも薄切り
材料-肉	豚肉	豚ヒレブロック
材料-肉	豚肉	豚バラ肉かたまり
材料-肉	豚肉	豚小間切れ肉
材料-肉	豚肉	豚肩ロース
材料-肉	豚肉	豚バラかたまり肉
材料-肉	豚肉	豚肉こまぎれ
材料-肉	豚肉	豚ローススライス
材料-肉	豚肉	豚スペアリブ
材料-肉	豚肉	豚ロース厚切り
材料-肉	豚肉	豚タン
材料-肉	豚肉	豚肩ロースかたまり
材料-肉	豚肉	豚バラブロック肉
材料-肉	豚肉	豚ロース薄切り肉
材料-肉	豚肉	豚トロ
材料-肉	豚肉	豚もも肉ブロック
材料-肉	豚肉	豚こま肉
材料-肉	豚肉	豚もも肉
材料-肉	豚肉	豚こま
材料-肉	豚肉	豚スライス
材料-肉	豚肉	豚ブロック
材料-肉	豚肉	豚肉こま切れ
材料-肉	豚肉	豚ロース薄切り
材料-肉	豚肉	豚肉ロース薄切り
材料-肉	豚肉	豚バラ薄切り肉
材料-肉	豚肉	豚切り落とし肉
材料-肉	豚肉	豚ももブロック肉
材料-肉	豚肉	豚小間肉
材料-肉	豚肉	豚小間切れ
材料-肉	豚肉	豚薄切り肉
材料-肉	豚肉	豚もも薄切り肉
材料-肉	豚肉	豚肉スライス
材料-肉	豚肉	豚こま切れ肉
材料-肉	豚肉	豚肉ロース
材料-肉	豚肉	豚切り落とし
材料-肉	豚肉	豚コマ肉
材料-肉	豚肉	豚バラスライス
材料-肉	豚肉	豚バラ薄切り
材料-肉	豚肉	豚ももスライス
材料-肉	豚肉	豚バラ肉薄切り
材料-肉	豚肉	豚バラ肉
材料-肉	豚肉	豚
材料-肉	豚肉	薄切り豚肉
材料-肉	豚肉	豚こま切れ
材料-肉	豚肉	豚しゃぶしゃぶ肉
材料-肉	豚肉	豚薄切り
材料-肉	豚肉	豚小間
材料-肉	豚肉	豚バラ
材料-肉	豚肉	豚細切れ
材料-肉	豚肉	豚ばら肉
材料-肉	豚肉	豚肉薄切り
材料-肉	豚肉	豚肉の薄切り
材料-肉	豚肉	豚小間切れ肉
材料-肉	豚肉	豚小間
材料-肉	豚肉	豚こま切れ
材料-肉	豚肉	豚もも肉
材料-肉	豚肉	豚バラ薄切り
材料-肉	豚肉	豚ロース薄切り
材料-肉	豚肉	豚ロース肉
材料-肉	豚肉	豚こま
材料-肉	豚肉	豚こま肉
材料-肉	豚肉	豚ロース
材料-肉	豚肉	豚ロース薄切り肉
材料-肉	豚肉	豚小間肉
材料-肉	豚肉	豚こま切れ肉
材料-肉	豚肉	豚肩ロース
材料-肉	豚肉	豚切り落とし肉
材料-肉	豚肉	豚細切れ肉
材料-肉	豚肉	薄切り豚肉
材料-肉	豚肉	豚バラ肉
材料-肉	豚肉	豚肉薄切り
材料-肉	豚肉	豚肉こま切れ
材料-肉	豚肉	豚小間
材料-肉	豚肉	豚コマ
材料-肉	豚肉	豚ばら肉
材料-肉	豚肉	豚ばら
材料-肉	豚肉	豚バラ
材料-肉	豚肉	豚ハツ
材料-肉	豚肉	塩豚
材料-肉	豚肉	豚カルビ
材料-肉	豚肉	豚ばらかたまり肉
材料-肉	豚肉	豚ばら肉塊
材料-肉	豚肉	豚かた
材料-肉	豚肉	豚肩
材料-肉	豚肉	豚かたロース
材料-肉	豚肉	豚もも
材料-肉	豚肉	豚そともも
材料-肉	豚肉	豚スネ
材料-肉	豚肉	ブタ肉
材料-肉	豚肉	ぶたバラ肉
材料-肉	豚肉	豚肉ばら
材料-肉	豚肉	豚固まり肉
材料-肉	豚肉	豚ロース厚切り肉
材料-肉	豚肉	豚ヒレブロック肉
材料-肉	豚肉	豚肉切り落とし
材料-肉	豚肉	塩ブタ
材料-肉	鳥肉	鳥肉
材料-肉	鳥肉	鶏肉
材料-肉	鳥肉	チキン
材料-肉	鳥肉	鶏の胸肉
材料-肉	鳥肉	鶏の手羽先
材料-肉	鳥肉	丸鶏
材料-肉	鳥肉	鳥モモ肉
材料-肉	鳥肉	鶏手羽元肉
材料-肉	鳥肉	塩鶏
材料-肉	鳥肉	鶏腿肉
材料-肉	鳥肉	鶏ささみ肉
材料-肉	鳥肉	鶏骨付きもも肉
材料-肉	鳥肉	骨付き鶏もも肉
材料-肉	鳥肉	鳥手羽元
材料-肉	鳥肉	鶏砂肝
材料-肉	鳥肉	鶏肝
材料-肉	鳥肉	鶏肉の皮
材料-肉	鳥肉	手羽中
材料-肉	鳥肉	鶏手羽中
材料-肉	鳥肉	鶏手羽
材料-肉	鳥肉	鳥もも肉
材料-肉	鳥肉	鶏手羽先
材料-肉	鳥肉	手羽先
材料-肉	鳥肉	鶏の手羽元
材料-肉	鳥肉	とりもも肉
材料-肉	鳥肉	とりむね肉
材料-肉	鳥肉	とりムネ肉
材料-肉	鳥肉	鶏ささみ
材料-肉	鳥肉	鶏ムネ肉
材料-肉	鳥肉	鶏手羽元
材料-肉	鳥肉	鶏もも肉
材料-肉	鳥肉	鶏むね肉
材料-肉	鳥肉	鶏のもも肉
材料-肉	鳥肉	とりモモ肉
材料-肉	鳥肉	鳥むね肉
材料-肉	鳥肉	鶏肉もも
材料-肉	鳥肉	鶏モモ肉
材料-肉	鳥肉	とりささみ
材料-肉	鳥肉	鶏皮
材料-肉	鳥肉	鶏胸肉
材料-肉	鳥肉	手羽元
材料-肉	鳥肉	鳥胸肉
材料-肉	鳥肉	鶏ささ身
材料-肉	鳥肉	鶏なんこつ
材料-肉	鳥肉	とり肉
材料-肉	鳥肉	骨付きチキン
材料-肉	鳥肉	鶏レバー
材料-肉	鳥肉	骨付き鶏肉
材料-肉	鳥肉	鶏の皮
材料-肉	鳥肉	鶏のむね肉
材料-肉	鳥肉	鶏手羽肉
材料-肉	鳥肉	砂肝
材料-肉	鳥肉	とり胸肉
材料-肉	鳥肉	鶏もも
材料-肉	鳥肉	とり皮
材料-肉	鳥肉	鶏
材料-肉	鳥肉	鶏モモ
材料-肉	鳥肉	鶏ムネ
材料-肉	鳥肉	鶏むね
材料-肉	鳥肉	鶏ササミ
材料-肉	鳥肉	鶏せせり
材料-肉	鳥肉	砂ずり
材料-肉	鳥肉	蒸し鶏
材料-肉	鳥肉	とりもも
材料-肉	鳥肉	鳥ムネ肉
材料-肉	鳥肉	鶏のササミ
材料-肉	鳥肉	鳥レバー
材料-肉	鳥肉	せせり
材料-肉	鳥肉	トリムネ肉
材料-肉	鳥肉	鶏のささみ
材料-肉	鳥肉	鳥のもも肉
材料-肉	鳥肉	鶏軟骨
材料-肉	鳥肉	鶏胸
材料-肉	鳥肉	鳥皮
材料-肉	鳥肉	手羽
材料-肉	鳥肉	鳥モモ
材料-肉	鳥肉	鳥もも
材料-肉	鳥肉	鶏モモ
材料-肉	鳥肉	鶏もも
材料-肉	鳥肉	地鶏
材料-肉	鳥肉	鴨肉
材料-肉	鳥肉	カモ肉
材料-肉	鳥肉	かも肉
材料-肉	鳥肉	鴨
材料-肉	鳥肉	手羽もと
材料-肉	鳥肉	鶏胸ひき肉
材料-肉	鳥肉	鳥モツ
材料-肉	鳥肉	鶏モツ
材料-肉	鳥肉	しゃも
材料-肉	鳥肉	シャモ
材料-肉	鳥肉	軍鶏
材料-肉	鳥肉	鶏もも肉
材料-肉	鳥肉	鶏もも
材料-肉	鳥肉	鳥もも
材料-肉	鳥肉	鳥ささみ
材料-肉	鳥肉	烏骨鶏
材料-肉	鳥肉	うこっけい
材料-肉	鳥肉	ウコッケイ
材料-肉	鳥肉	ブロイラー
材料-肉	鳥肉	銘柄鳥
材料-肉	鳥肉	名古屋コーチン
材料-肉	鳥肉	ささみ
材料-肉	鳥肉	ササミ
材料-肉	鳥肉	ささ身
材料-肉	鳥肉	鳥
材料-肉	鳥肉	砂ズリ
材料-肉	鳥肉	鶏笹身
材料-肉	鳥肉	鶏むね身
材料-肉	鳥肉	笹身
材料-肉	鳥肉	鶏手羽もと
材料-肉	挽肉	挽肉
材料-肉	挽肉	挽き肉
材料-肉	挽肉	ひき肉
材料-肉	挽肉	ひきにく
材料-肉	挽肉	ひいき肉
材料-肉	挽肉	ミンチ
材料-肉	挽肉	ミンチ肉
材料-肉	挽肉	合挽
材料-肉	挽肉	合挽き
材料-肉	挽肉	合びき
材料-肉	挽肉	合い挽き
材料-肉	挽肉	合挽肉
材料-肉	挽肉	合挽き肉
材料-肉	挽肉	合い挽き肉
材料-肉	挽肉	合いびき肉
材料-肉	挽肉	合びき肉
材料-肉	挽肉	あい挽き肉
材料-肉	挽肉	あいびき肉
材料-肉	挽肉	合ミンチ
材料-肉	挽肉	合挽ミンチ
材料-肉	挽肉	合挽きミンチ
材料-肉	挽肉	合びきミンチ
材料-肉	挽肉	合い挽きミンチ
材料-肉	挽肉	あいびきミンチ
材料-肉	挽肉	牛合挽肉
材料-肉	挽肉	牛豚合挽肉
材料-肉	挽肉	牛豚合い挽き肉
材料-肉	挽肉	牛挽肉
材料-肉	挽肉	牛挽き肉
材料-肉	挽肉	牛ひき肉
材料-肉	挽肉	牛ミンチ
材料-肉	挽肉	牛肉ミンチ
材料-肉	挽肉	豚びき
材料-肉	挽肉	豚挽肉
材料-肉	挽肉	豚挽き肉
材料-肉	挽肉	豚ひき肉
材料-肉	挽肉	豚引き肉
材料-肉	挽肉	豚ミンチ
材料-肉	挽肉	豚ミンチ肉
材料-肉	挽肉	鶏挽肉
材料-肉	挽肉	鶏挽き肉
材料-肉	挽肉	鶏ひき
材料-肉	挽肉	鶏ひき肉
材料-肉	挽肉	鶏ミンチ
材料-肉	挽肉	鶏ミンチ肉
材料-肉	挽肉	鳥ひき肉
材料-肉	挽肉	鳥ミンチ肉
材料-肉	ウインナー	ウインナー
材料-肉	ウインナー	ウィンナー
材料-肉	ウインナー	ポークウィンナー
材料-肉	ウインナー	ウインナ
材料-肉	ウインナー	ウインナーソーセージ
材料-肉	ウインナー	ウィンナーソーセージ
材料-肉	ウインナー	ウィンナソーセージ
材料-肉	ウインナー	ソーセージ
材料-肉	ウインナー	ポークソーセージ
材料-肉	ウインナー	ボローニャソーセージ
材料-肉	ウインナー	ボロニアソーセージ
材料-肉	ウインナー	ソーゼージ
材料-肉	ウインナー	ソーセジ
材料-肉	ウインナー	チョリソー
材料-肉	ウインナー	チョリソ
材料-肉	ウインナー	シャウエッセン
材料-肉	ウインナー	ポークビッツ
材料-肉	ウインナー	ジョンソンヴィル
材料-肉	ウインナー	ヴァイスブルスト
材料-肉	ウインナー	モルタデッラ
材料-肉	ハム	ハム
材料-肉	ハム	生ハ
材料-肉	ハム	焼豚
材料-肉	ハム	焼き豚
材料-肉	ハム	チャーシュー
材料-肉	ハム	スパム
材料-肉	ハム	ＳＰＡＭ
材料-肉	ハム	SPAM
材料-肉	ハム	スパムミート
材料-肉	ハム	ランチョンミート
材料-肉	ハム	ソーセージミート
材料-肉	ハム	ベーコン
材料-肉	ハム	パンチェッタ
材料-肉	ハム	コンビーフ
材料-肉	ハム	鶏ハム
材料-野菜	ニンジン	ニンジン
材料-野菜	ニンジン	金時人参
材料-野菜	ニンジン	にんじん
材料-野菜	ニンジン	人参
材料-野菜	ニンジン	キャロット
材料-野菜	玉葱	玉葱
材料-野菜	玉葱	玉ねぎ
材料-野菜	玉葱	たまねぎ
材料-野菜	玉葱	新たまねぎ
材料-野菜	玉葱	オニオン
材料-野菜	玉葱	葉玉ねぎ
材料-野菜	玉葱	新玉ネギ
材料-野菜	玉葱	玉ネギ
材料-野菜	玉葱	新タマネギ
材料-野菜	玉葱	新玉葱
材料-野菜	玉葱	赤玉ねぎ
材料-野菜	玉葱	新玉ねぎ
材料-野菜	玉葱	紫たまねぎ
材料-野菜	玉葱	新たまねぎ
材料-野菜	玉葱	タマネギ
材料-野菜	玉葱	紫玉ねぎ
材料-野菜	玉葱	紫玉ねぎ
材料-野菜	玉葱	赤玉葱
材料-野菜	ジャガイモ	ジャガイモ
材料-野菜	ジャガイモ	じゃがいも
材料-野菜	ジャガイモ	新じゃがいも
材料-野菜	ジャガイモ	ポテト
材料-野菜	ジャガイモ	新ジャガ
材料-野菜	ジャガイモ	新じゃが
材料-野菜	ジャガイモ	メークイン
材料-野菜	ジャガイモ	新ジャガイモ
材料-野菜	ジャガイモ	馬鈴薯
材料-野菜	ジャガイモ	メークイーン
材料-野菜	ジャガイモ	じゃが芋
材料-野菜	キャベツ	キャベツ
材料-野菜	キャベツ	春きゃべつ
材料-野菜	キャベツ	春キャベツ
材料-野菜	キャベツ	紫キャベツ
材料-野菜	キャベツ	きゃべつ
材料-野菜	キャベツ	芽キャベツ
材料-野菜	キャベツ	新キャベツ
材料-野菜	もやし	もやし
材料-野菜	もやし	モヤシ
材料-野菜	もやし	豆もやし
材料-野菜	もやし	豆モヤシ
材料-野菜	もやし	大豆もやし
材料-野菜	もやし	大豆モヤシ
材料-野菜	もやし	緑豆もやし
材料-野菜	もやし	緑豆モヤシ
材料-野菜	もやし	太もやし
材料-野菜	もやし	太モヤシ
材料-野菜	タケノコ	タケノコ
材料-野菜	タケノコ	たけのこ
材料-野菜	タケノコ	竹の子
材料-野菜	タケノコ	筍
材料-野菜	アスパラガス	アスパラガス
材料-野菜	アスパラガス	アスパラ
材料-野菜	アスパラガス	ホワイトアスパラガス
材料-野菜	アスパラガス	ミニアスパラ
材料-野菜	アスパラガス	グリーンアスパラガス
材料-野菜	アスパラガス	ホワイトアスパラ
材料-野菜	アスパラガス	グリーンアスパラ
材料-野菜	ぜんまい	ぜんまい
材料-野菜	ぜんまい	ゼンマイ
材料-野菜	ぜんまい	薇
材料-野菜	ウド	ウド
材料-野菜	ウド	うど
材料-野菜	ウド	山ウド
材料-野菜	ウド	独活
材料-野菜	ふき	ふき
材料-野菜	ふき	ふきのとう
材料-野菜	ふき	フキ
材料-野菜	ふき	フキノトウ
材料-野菜	ふき	蕗
材料-野菜	ふき	苳
材料-野菜	ふき	款冬
材料-野菜	ふき	菜蕗
材料-野菜	ヨモギ	ヨモギ
材料-野菜	ヨモギ	よもぎ
材料-野菜	ヨモギ	蓬
材料-野菜	クレソン	クレソン
材料-野菜	えんどう豆	えんどう豆
材料-野菜	えんどう豆	えんどうまめ
材料-野菜	えんどう豆	エンドウ豆
材料-野菜	えんどう豆	エンドウマメ
材料-野菜	えんどう豆	モロッコエンドウ豆
材料-野菜	えんどう豆	うすいえんどう豆
材料-野菜	えんどう豆	グリンピース
材料-野菜	えんどう豆	グリーンピース
材料-野菜	さやえんどう	さやえんどう
材料-野菜	さやえんどう	サヤエンドウ
材料-野菜	さやえんどう	絹さや
材料-野菜	さやえんどう	絹サヤ
材料-野菜	さやえんどう	きぬさや
材料-野菜	さやえんどう	キヌサヤ
材料-野菜	さやえんどう	えんどう
材料-野菜	さやえんどう	エンドウ
材料-野菜	そら豆	そら豆
材料-野菜	そら豆	ソラマメ
材料-野菜	そら豆	空豆
材料-野菜	そら豆	そらまめ
材料-野菜	そら豆	赤そら豆
材料-野菜	アボカド	アボカド
材料-野菜	アボカド	アボガド
材料-野菜	レタス	レタス
材料-野菜	レタス	ロメインレタス
材料-野菜	レタス	リーフレタス
材料-野菜	レタス	サニーレタス
材料-野菜	レタス	サンチュ
材料-野菜	レタス	グリーンリーフ
材料-野菜	レタス	サンチェ
材料-野菜	レタス	フリルレタス
材料-野菜	レタス	グリーンカール
材料-野菜	レタス	プリーツレタス
材料-野菜	レタス	ボストンレタス
材料-野菜	レタス	エンダイブ
材料-野菜	レタス	グリーンレタス
材料-野菜	菜の花	菜の花
材料-野菜	菜の花	なばな
材料-野菜	菜の花	菜花
材料-野菜	スナップえんどう	スナップえんどう
材料-野菜	スナップえんどう	スナップエンドウ
材料-野菜	スナップえんどう	スナックえんどう
材料-野菜	スナップえんどう	スナックエンドウ
材料-野菜	とうみょう	とうみょう
材料-野菜	とうみょう	豆苗
材料-野菜	せり	せり
材料-野菜	せり	セリ
材料-野菜	せり	芹
材料-野菜	せり	野ぜり
材料-野菜	トウモロコシ	トウモロコシ
材料-野菜	トウモロコシ	とうもろこし
材料-野菜	トウモロコシ	コーン
材料-野菜	トウモロコシ	スイートコーン
材料-野菜	トウモロコシ	ヤングコーン
材料-野菜	キュウリ	きゅうり
材料-野菜	キュウリ	胡瓜
材料-野菜	キュウリ	キュウリ
材料-野菜	キュウリ	キューリ
材料-野菜	ピーマン	ピーマン
材料-野菜	ピーマン	赤ピーマン
材料-野菜	ピーマン	黄ピーマン
材料-野菜	ピーマン	カラーピーマン
材料-野菜	ピーマン	バナナピーマン
材料-野菜	ピーマン	スウィーピー
材料-野菜	ピーマン	パプリカ
材料-野菜	ピーマン	パブリカ
材料-野菜	ピーマン	赤パプリカ
材料-野菜	ピーマン	黄パプリカ
材料-野菜	オクラ	オクラ
材料-野菜	オクラ	おくら
材料-野菜	オクラ	赤オクラ
材料-野菜	枝豆	枝豆
材料-野菜	枝豆	えだまめ
材料-野菜	枝豆	エダマメ
材料-野菜	枝豆	紫ずきん
材料-野菜	枝豆	茶豆
材料-野菜	ゴーヤ	ゴーヤ
材料-野菜	ゴーヤ	ゴーヤー
材料-野菜	ゴーヤ	ゴヤー
材料-野菜	ゴーヤ	ゴー矢
材料-野菜	ゴーヤ	白ゴーヤ
材料-野菜	ゴーヤ	白ゴーヤー
材料-野菜	ゴーヤ	ツルレイシ
材料-野菜	ゴーヤ	ニガウリ
材料-野菜	ズッキーニ	ズッキーニ
材料-野菜	ズッキーニ	花ズッキーニ
材料-野菜	ズッキーニ	ズッキーニー
材料-野菜	トマト	トマト
材料-野菜	トマト	フルーツトマト
材料-野菜	トマト	プチトマト
材料-野菜	トマト	とまと
材料-野菜	トマト	ミニトマト
材料-野菜	トマト	チェリートマト
材料-野菜	トマト	ミディトマト
材料-野菜	トマト	プチトマト
材料-野菜	トマト	ぷちトマト
材料-野菜	モロヘイヤ	モロヘイヤ
材料-野菜	モロヘイヤ	モロヘイア
材料-野菜	モロヘイヤ	もろへいや
材料-野菜	ナスビ	ナスビ
材料-野菜	ナスビ	青ナス
材料-野菜	ナスビ	水茄子
材料-野菜	ナスビ	水ナス
材料-野菜	ナスビ	米ナス
材料-野菜	ナスビ	米なす
材料-野菜	ナスビ	米茄子
材料-野菜	ナスビ	長なす
材料-野菜	ナスビ	長ナス
材料-野菜	ナスビ	なす
材料-野菜	ナスビ	ナス
材料-野菜	ナスビ	なすび
材料-野菜	ナスビ	長茄子
材料-野菜	ナスビ	茄子
材料-野菜	ナスビ	白茄子
材料-野菜	カボチャ	カボチャ
材料-野菜	カボチャ	坊ちゃんかぼちゃ
材料-野菜	カボチャ	かぼちゃ
材料-野菜	カボチャ	南瓜
材料-野菜	くうしんさい	くうしんさい
材料-野菜	くうしんさい	クウシンサイ
材料-野菜	くうしんさい	空芯菜
材料-野菜	くうしんさい	エンサイ
材料-野菜	くうしんさい	アサガオナ
材料-野菜	くうしんさい	朝顔菜
材料-野菜	くうしんさい	あさがお菜
材料-野菜	ささげ	ささげ
材料-野菜	ささげ	ささぎ
材料-野菜	ささげ	ササゲ
材料-野菜	ささげ	ササギ
材料-野菜	ささげ	十六ささげ
材料-野菜	ささげ	十六ササゲ
材料-野菜	ささげ	ささげインゲン
材料-野菜	ささげ	ささきインゲン
材料-野菜	ささげ	さやいんげん
材料-野菜	ささげ	さやインゲン
材料-野菜	ささげ	モロッコいんげん
材料-野菜	ささげ	モロッコインゲン
材料-野菜	ささげ	いんげん
材料-野菜	ささげ	インゲン
材料-野菜	ささげ	隠元
材料-野菜	うり	うり
材料-野菜	うり	ウリ
材料-野菜	うり	瓜
材料-野菜	うり	マーウイ
材料-野菜	うり	とうがん
材料-野菜	うり	トウガン
材料-野菜	うり	冬瓜
材料-野菜	うり	ミニとうがん
材料-野菜	うり	ミニ冬瓜
材料-野菜	うり	姫冬瓜
材料-野菜	うり	へちま
材料-野菜	うり	ヘチマ
材料-野菜	うり	糸瓜
材料-野菜	うり	いとうり
材料-野菜	うり	天糸瓜
材料-野菜	うり	ナーベーラー
材料-野菜	うり	しろうり
材料-野菜	うり	シロウリ
材料-野菜	うり	白うり
材料-野菜	うり	白瓜
材料-野菜	うり	はやとうり
材料-野菜	うり	ハヤトウリ
材料-野菜	うり	ハヤト瓜
材料-野菜	うり	はやと瓜
材料-野菜	うり	隼人瓜
材料-野菜	うり	きんしうり
材料-野菜	うり	キンシウリ
材料-野菜	うり	金糸瓜
材料-野菜	うり	パスタ瓜
材料-野菜	うり	そうめん瓜
材料-野菜	うり	そうめんかぼちゃ
材料-野菜	うり	かりもり
材料-野菜	うり	堅瓜
材料-野菜	うり	ゆうごう
材料-野菜	うり	夕顔
材料-野菜	うり	まくわうり
材料-野菜	うり	マクワウリ
材料-野菜	うり	青うり
材料-野菜	うり	青瓜
材料-野菜	うり	はぐらうり
材料-野菜	うり	はぐら瓜
材料-野菜	うり	モーウィ
材料-野菜	うり	赤うり
材料-野菜	うり	赤瓜
材料-野菜	ゴボウ	ゴボウ
材料-野菜	ゴボウ	ごぼう
材料-野菜	ゴボウ	牛蒡
材料-野菜	ゴボウ	新ゴボウ
材料-野菜	ゴボウ	新ごぼう
材料-野菜	ゴボウ	新牛蒡
材料-野菜	さつまいも	さつまいも
材料-野菜	さつまいも	焼き芋
材料-野菜	さつまいも	安納芋
材料-野菜	さつまいも	薩摩芋
材料-野菜	さつまいも	さつま芋
材料-野菜	さつまいも	サツマイモ
材料-野菜	さつまいも	紫芋
材料-野菜	れんこん	れんこん
材料-野菜	れんこん	レンコン
材料-野菜	れんこん	蓮根
材料-野菜	山芋	山芋
材料-野菜	山芋	やまいも
材料-野菜	山芋	ヤマイモ
材料-野菜	山芋	長芋
材料-野菜	山芋	長いも
材料-野菜	山芋	ながいも
材料-野菜	山芋	長イモ
材料-野菜	山芋	ナガイモ
材料-野菜	山芋	大和芋
材料-野菜	山芋	やまと芋
材料-野菜	山芋	とろろ芋
材料-野菜	かぶ	かぶ
材料-野菜	かぶ	カブ
材料-野菜	かぶ	蕪
材料-野菜	かぶ	こかぶ
材料-野菜	かぶ	コカブ
材料-野菜	かぶ	小かぶ
材料-野菜	かぶ	小カブ
材料-野菜	かぶ	小蕪
材料-野菜	かぶ	赤かぶ
材料-野菜	かぶ	赤カブ
材料-野菜	かぶ	かぶら
材料-野菜	チンゲン菜	チンゲン菜
材料-野菜	チンゲン菜	ちんげん菜
材料-野菜	チンゲン菜	チンゲンサイ
材料-野菜	チンゲン菜	ちんげんさい
材料-野菜	チンゲン菜	青梗菜
材料-野菜	春菊	春菊
材料-野菜	春菊	しゅんぎく
材料-野菜	春菊	シュンギク
材料-野菜	春菊	菊菜
材料-野菜	春菊	きくな
材料-野菜	春菊	おたふく
材料-野菜	春菊	ろーま
材料-野菜	春菊	中葉
材料-野菜	春菊	ちゅうば
材料-野菜	大根	大根
材料-野菜	大根	ダイコン
材料-野菜	大根	だいこん
材料-野菜	大根	春大根
材料-野菜	大根	春ダイコン
材料-野菜	大根	春だいこん
材料-野菜	大根	紫大根
材料-野菜	大根	紫ダイコン
材料-野菜	大根	紫だいこん
材料-野菜	大根	赤大根
材料-野菜	大根	赤ダイコン
材料-野菜	大根	赤だいこん
材料-野菜	大根	聖護院大根
材料-野菜	大根	聖護院ダイコン
材料-野菜	大根	聖護院だいこん
材料-野菜	大根	干し大根
材料-野菜	大根	干しダイコン
材料-野菜	大根	干しだいこん
材料-野菜	大根	切り干し大根
材料-野菜	大根	切り干しダイコン
材料-野菜	大根	切り干しだいこん
材料-野菜	大根	切干大根
材料-野菜	大根	切干ダイコン
材料-野菜	大根	切干だいこん
材料-野菜	大根	切干し大根
材料-野菜	大根	切干しダイコン
材料-野菜	大根	切干しだいこん
材料-野菜	大根	大根おろし
材料-野菜	大根	ダイコンおろし
材料-野菜	大根	だいこんおろし
材料-野菜	大根	たくあん
材料-野菜	大根	タクアン
材料-野菜	ほうれん草	ほうれん草
材料-野菜	ほうれん草	ほうれんそう
材料-野菜	ほうれん草	ちぢみほうれん草
材料-野菜	ほうれん草	ホウレン草
材料-野菜	ほうれん草	ホウレンソウ
材料-野菜	ほうれん草	サラダほうれん草
材料-野菜	ほうれん草	法蓮草
材料-野菜	ほうれん草	ホーレン草
材料-野菜	ほうれん草	サラダホウレン草
材料-野菜	ほうれん草	ベビーほうれん草
材料-野菜	ほうれん草	スライスホウレン草
材料-野菜	白菜	白菜
材料-野菜	白菜	はくさい
材料-野菜	白菜	ハクサイ
材料-野菜	水菜	水菜
材料-野菜	水菜	みず菜
材料-野菜	水菜	サラダ水菜
材料-野菜	水菜	みずな
材料-野菜	水菜	ミズナ
材料-野菜	小松菜	小松菜
材料-野菜	小松菜	こまつな
材料-野菜	小松菜	コマツナ
材料-野菜	小松菜	冬菜
材料-野菜	小松菜	ふゆな
材料-野菜	小松菜	フユナ
材料-野菜	小松菜	鶯菜
材料-野菜	小松菜	うぐいすな
材料-野菜	小松菜	ウグイスナ
材料-野菜	小松菜	餅菜
材料-野菜	小松菜	もちな
材料-野菜	小松菜	モチナ
材料-野菜	ニラ	ニラ
材料-野菜	ニラ	にら
材料-野菜	ニラ	韮
材料-野菜	ニラ	韭
材料-野菜	ニラ	花ニラ
材料-野菜	ネギ	ネギ
材料-野菜	ネギ	ねぎ
材料-野菜	ネギ	葱
材料-野菜	ネギ	青ネギ
材料-野菜	ネギ	青ねぎ
材料-野菜	ネギ	青葱
材料-野菜	ネギ	ワケギ
材料-野菜	ネギ	小口ネギ
材料-野菜	ネギ	小口ねぎ
材料-野菜	ネギ	小口葱
材料-野菜	ネギ	細ネギ
材料-野菜	ネギ	細ねぎ
材料-野菜	ネギ	細葱
材料-野菜	ネギ	万能ネギ
材料-野菜	ネギ	万能ねぎ
材料-野菜	ネギ	万能葱
材料-野菜	ネギ	アサツキ
材料-野菜	ネギ	あさつき
材料-野菜	ネギ	浅葱
材料-野菜	ネギ	薬味ネギ
材料-野菜	ネギ	薬味ねぎ
材料-野菜	ネギ	薬味葱
材料-野菜	ネギ	白髪ネギ
材料-野菜	ネギ	白髪ねぎ
材料-野菜	ネギ	白髪葱
材料-野菜	ネギ	シラガネギ
材料-野菜	ネギ	シラガねぎ
材料-野菜	ネギ	シラガ葱
材料-野菜	ネギ	小ネギ
材料-野菜	ネギ	小ねぎ
材料-野菜	ネギ	小葱
材料-野菜	ネギ	長ネギ
材料-野菜	ネギ	長ねぎ
材料-野菜	ネギ	長葱
材料-野菜	ネギ	白ネギ
材料-野菜	ネギ	白ねぎ
材料-野菜	ネギ	白葱
材料-野菜	セロリ	セロリ
材料-野菜	里芋	里芋
材料-野菜	里芋	里いも
材料-野菜	里芋	さといも
材料-野菜	里芋	サトイモ
材料-野菜	里芋	土垂
材料-野菜	里芋	どたれ
材料-野菜	里芋	赤目芋
材料-野菜	里芋	赤芽芋
材料-野菜	里芋	海老芋
材料-野菜	里芋	エビイモ
材料-野菜	里芋	京芋
材料-野菜	里芋	きょういも
材料-野菜	里芋	石川早生
材料-野菜	里芋	セレベス芋
材料-野菜	里芋	ヤツガシラ
材料-野菜	里芋	タケノコイモ
材料-野菜	里芋	えぐいも
材料-野菜	里芋	筍芋
材料-野菜	里芋	八頭
材料-野菜	里芋	セレベス
材料-野菜	カリフラワー	カリフラワー
材料-野菜	カリフラワー	ロマネスコ
材料-野菜	カリフラワー	ブロッコリー
材料-野菜	カリフラワー	ブロッコリ
材料-野菜	カリフラワー	ブローッコリー
材料-野菜	わさび菜	わさび菜
材料-野菜	わさび菜	ワサビ菜
材料-野菜	わさび菜	わさびな
材料-野菜	わさび菜	ワサビナ
材料-野菜	わさび菜	サラダわさび菜
材料-野菜	わさび菜	からし菜
材料-野菜	わさび菜	葉わさび
材料-野菜	ユリ根	ユリ根
材料-野菜	ユリ根	百合根
材料-野菜	ユリ根	ゆりね
材料-野菜	ユリ根	ゆり根
材料-野菜	ユリ根	百合の根
材料-野菜	くわい	くわい
材料-野菜	くわい	クワイ
材料-野菜	くわい	慈姑
材料-野菜	くわい	ミニくわい
材料-野菜	サトウキビ	サトウキビ
材料-野菜	サトウキビ	さとうきび
材料-野菜	サトウキビ	砂糖黍
材料-野菜	サトウキビ	砂糖きび
材料-野菜	ツルムラサキ	ツルムラサキ
材料-野菜	ツルムラサキ	蔓紫
材料-野菜	ツルムラサキ	つるむらさき
材料-野菜	野沢菜	野沢菜
材料-野菜	野沢菜	ノザワナ
材料-野菜	野沢菜	のざわな
材料-野菜	野沢菜	信州菜
材料-野菜	野沢菜	シンシュウナ
材料-野菜	ミックスベジタブル	ミックスベジタブル
材料-野菜	ミックスベジタブル	ミックスベジタベル
材料-野菜	ミックスベジタブル	ミックスベジ
材料-野菜	ミックスベジタブル	ベジタブルミックス
材料-野菜	ミックスベジタブル	ベジミックス
材料-野菜	ミックスベジタブル	野菜ミックス
材料-野菜	ミツバ	ミツバ
材料-野菜	ミツバ	みつば
材料-野菜	ミツバ	三つ葉
材料-野菜	ミツバ	みつ葉
材料-野菜	ミツバ	三葉
材料-野菜	ミツバ	三ツ葉
材料-野菜	ムギ	ムギ
材料-野菜	ムギ	むぎ
材料-野菜	ムギ	麦
材料-野菜	ムギ	コムギ
材料-野菜	ムギ	オオムギ
材料-野菜	ムギ	ライムギ
材料-野菜	ムギ	エンバク
材料-野菜	ムギ	カワムギ
材料-野菜	ムギ	ハダカムギ
材料-野菜	ムギ	ビールムギ
材料-野菜	ムギ	六条オオムギ
材料-野菜	ムギ	カワムギ
材料-野菜	ムギ	去年草
材料-野菜	ムギ	こぞくさ
材料-野菜	ムギ	二条オオムギ
材料-野菜	ムギ	四条オオムギ
材料-野菜	ムギ	裸オオムギ
材料-野菜	ムギ	大麦
材料-野菜	ムギ	小麦
材料-野菜	ムギ	二条大麦
材料-野菜	ムギ	裸麦
材料-野菜	ムギ	押し麦
材料-野菜	ムギ	引き割り麦
材料-野菜	椎茸	椎茸
材料-野菜	椎茸	しいたけ
材料-野菜	椎茸	シイタケ
材料-野菜	しめじ	しめじ
材料-野菜	しめじ	シメジ
材料-野菜	しめじ	ぶなしめじ
材料-野菜	しめじ	ブナしめじ
材料-野菜	しめじ	ブナしめじー
材料-野菜	しめじ	ブナシメジ
材料-野菜	しめじ	白しめじ
材料-野菜	しめじ	白シメジ
材料-野菜	しめじ	紫しめじ
材料-野菜	しめじ	紫シメジ
材料-野菜	しめじ	はたけしめじ
材料-野菜	しめじ	はたけシメジ
材料-野菜	しめじ	ハタケシメジ
材料-野菜	しめじ	ブナピー
材料-野菜	しめじ	ホワイトしめじ
材料-野菜	しめじ	ホワイトシメジ
材料-野菜	しめじ	フナシメジ
材料-野菜	しめじ	ふなしめじ
材料-野菜	しめじ	ひらたけ
材料-野菜	しめじ	ヒラタケ
材料-野菜	しめじ	平茸
材料-野菜	まいたけ	まいたけ
材料-野菜	まいたけ	マイタケ
材料-野菜	まいたけ	舞茸
材料-野菜	まいたけ	白まいたけ
材料-野菜	まいたけ	白マイタケ
材料-野菜	まいたけ	白舞茸
材料-野菜	えのき	えのき
材料-野菜	えのき	エノキ
材料-野菜	えのき	榎
材料-野菜	えのき	えのきたけ
材料-野菜	えのき	エノキタケ
材料-野菜	えのき	えのきだけ
材料-野菜	えのき	エノキダケ
材料-野菜	えのき	えのき茸
材料-野菜	えのき	エノキ茸
材料-野菜	えのき	なめたけ
材料-野菜	えのき	ナメタケ
材料-野菜	えのき	なめ茸
材料-野菜	えのき	ナメ茸
材料-野菜	えのき	なめすすき
材料-野菜	えのき	ナメススキ
材料-野菜	えのき	ゆきのした
材料-野菜	えのき	ユキノシタ
材料-野菜	えのき	ワイルドえのき
材料-野菜	えのき	山茶茸
材料-野菜	えのき	ブラウンえのき
材料-野菜	マッシュルーム	マッシュルーム
材料-野菜	マッシュルーム	マッシルーム
材料-野菜	マッシュルーム	マシュルーム
材料-野菜	マッシュルーム	ブラウンマッシュルーム
材料-野菜	マッシュルーム	ホワイトマッシュルーム
材料-野菜	エリンギ	エリンギ
材料-野菜	エリンギ	えりんぎ
材料-野菜	なめこ	なめこ
材料-野菜	なめこ	ナメコ
材料-野菜	なめこ	滑子
材料-野菜	なめこ	オッキーなめこ
材料-野菜	なめこ	おっきーなめこ
材料-野菜	まつたけ	まつたけ
材料-野菜	まつたけ	マツタケ
材料-野菜	まつたけ	松茸
材料-野菜	ポルチーニ	ポルチーニ
材料-野菜	ミックスビーンズ	ミックスビーンズ
材料-野菜	ミックスビーンズ	お豆ミックス
材料-野菜	ひよこ豆	ひよこ豆
材料-野菜	ひよこ豆	ヒヨコ豆
材料-野菜	ひよこ豆	ひよこまめ
材料-野菜	ひよこ豆	ひよこマメ
材料-野菜	ひよこ豆	ヒヨコマメ
材料-野菜	ひよこ豆	ガルバンソ
材料-野菜	ひよこ豆	ガルバンゾ
材料-野菜	ひよこ豆	ガルバンゾー
材料-野菜	ひよこ豆	エジプト豆
材料-野菜	ひよこ豆	エジプトマメ
材料-野菜	ひよこ豆	エジプトまめ
材料-野菜	大豆	大豆
材料-野菜	大豆	だいず
材料-野菜	大豆	ダイズ
材料-野菜	大豆	青大豆
材料-野菜	大豆	黒千石大豆
材料-野菜	大豆	大豆粉
材料-野菜	大豆	大豆パウダー
材料-野菜	大豆	ソイミート
材料-野菜	大豆	大豆ミート
材料-野菜	大豆	大豆肉
材料-野菜	レンズ豆	レンズ豆
材料-野菜	レンズ豆	レンズマメ
材料-野菜	レンズ豆	赤レンズ豆
材料-野菜	きんときまめ	きんときまめ
材料-野菜	きんときまめ	きんとき豆
材料-野菜	きんときまめ	金時豆
材料-野菜	きんときまめ	大正金時豆
材料-野菜	きんときまめ	大正金時
材料-野菜	きんときまめ	キドニービーンズ
材料-野菜	きんときまめ	レッドキドニー
材料-野菜	きんときまめ	レッドキドニービーンズ
材料-野菜	小豆	小豆
材料-野菜	小豆	あずき
材料-野菜	小豆	アズキ
材料-野菜	インゲン豆	インゲン豆
材料-野菜	インゲン豆	いんげん豆
材料-野菜	インゲン豆	インゲンマメ
材料-野菜	インゲン豆	いんげんまめ
材料-野菜	インゲン豆	白インゲン豆
材料-野菜	インゲン豆	白いんげん豆
材料-野菜	インゲン豆	大福豆
材料-野菜	ラディッシュ	ラディッシュ
材料-野菜	ラディッシュ	ハツカダイコン
材料-野菜	ラディッシュ	廿日大根
材料-野菜	ラディッシュ	二十日大根
材料-野菜	ヤーコン	ヤーコン
材料-野菜	むかご	むかご
材料-野菜	むかご	ムカゴ
材料-野菜	シソ	シソ
材料-野菜	シソ	しそ
材料-野菜	シソ	紫蘇
材料-野菜	シソ	オオバ
材料-野菜	シソ	おおば
材料-野菜	シソ	大葉
材料-野菜	シソ	青シソ
材料-野菜	シソ	青しそ
材料-野菜	シソ	青紫蘇
材料-野菜	シソ	青ジソ
材料-野菜	シソ	青じそ
材料-野菜	シソ	梅しそ
材料-野菜	シソ	赤しそ
材料-野菜	ガーリック	ガーリック
材料-野菜	ガーリック	にんにく
材料-野菜	ガーリック	ニンニク
材料-野菜	ガーリック	ニンニク
材料-野菜	ガーリック	プチニンニク
材料-野菜	ガーリック	行者にんにく
材料-野菜	ガーリック	行者ニンニク
材料-野菜	ガーリック	大蒜
材料-野菜	ガーリック	蒜
材料-野菜	ガーリック	葫
材料-野菜	茗荷	茗荷
材料-野菜	茗荷	ミョウガ
材料-野菜	茗荷	みょうが
材料-野菜	茗荷	花みょうが
材料-野菜	茗荷	みょうがたけ
材料-野菜	茗荷	みょうが竹
材料-野菜	生姜	生姜
材料-野菜	生姜	しょうが
材料-野菜	生姜	ショウガ
材料-野菜	生姜	生薑
材料-野菜	生姜	薑
材料-野菜	生姜	土生姜
材料-野菜	生姜	土しょうが
材料-野菜	生姜	土ショウガ
材料-野菜	生姜	土生薑
材料-野菜	生姜	土薑
材料-野菜	生姜	針生姜
材料-野菜	生姜	針しょうが
材料-野菜	生姜	針ショウガ
材料-野菜	生姜	針生薑
材料-野菜	生姜	針薑
材料-野菜	生姜	新生姜
材料-野菜	生姜	新しょうが
材料-野菜	生姜	新ショウガ
材料-野菜	生姜	新生薑
材料-野菜	生姜	新薑
材料-野菜	生姜	谷中生姜
材料-野菜	生姜	谷中しょうが
材料-野菜	生姜	谷中ショウガ
材料-野菜	生姜	谷中生薑
材料-野菜	生姜	谷中薑
材料-野菜	紅生姜	紅生姜
材料-野菜	紅生姜	紅しょうが
材料-野菜	紅生姜	紅ショウガ
材料-野菜	紅生姜	ガリ
材料-野菜	らっきょう	らっきょう
材料-野菜	らっきょう	ラッキョウ
材料-野菜	らっきょう	辣韮
材料-野菜	らっきょう	薤
材料-野菜	らっきょう	辣韭
材料-野菜	らっきょう	島らっきょ
材料-野菜	らっきょう	島らっきょう
材料-野菜	らっきょう	島ラッキョウ
材料-野菜	らっきょう	エシャレット
材料-野菜	らっきょう	エシャロット
材料-野菜	スプラウト	スプラウト
材料-野菜	スプラウト	ブロッコリースプラウト
材料-野菜	スプラウト	カイワレ大根
材料-野菜	スプラウト	かいわれ大根
材料-野菜	スプラウト	貝割れ大根
材料-野菜	スプラウト	貝われ大根
材料-野菜	スプラウト	カイワレ
材料-野菜	スプラウト	かいわれ
材料-野菜	スプラウト	貝割れ
材料-野菜	スプラウト	貝われ
材料-野菜	スプラウト	カイワレ菜
材料-野菜	スプラウト	かいわれ菜
材料-野菜	スプラウト	貝割れ菜
材料-野菜	スプラウト	貝われ菜
材料-野菜	スプラウト	貝割菜
材料-野菜	高菜	高菜
材料-野菜	高菜	たかな
材料-野菜	高菜	タカナ
材料-野菜	高菜	万葉
材料-野菜	高菜	まんば
材料-野菜	高菜	青高菜
材料-野菜	高菜	こぶ高菜
材料-野菜	高菜	こぶたかな
材料-野菜	高菜	辛子高菜
材料-野菜	高菜	四川高菜
材料-野菜	唐辛子	唐辛子
材料-野菜	唐辛子	とうがらし
材料-野菜	唐辛子	トウガラシ
材料-野菜	唐辛子	唐芥子
材料-野菜	唐辛子	蕃椒
材料-野菜	唐辛子	獅子唐辛子
材料-野菜	唐辛子	ししとうがらし
材料-野菜	唐辛子	シシトウガラシ
材料-野菜	唐辛子	しし唐辛子
材料-野菜	唐辛子	ししとう
材料-野菜	唐辛子	しし唐
材料-野菜	唐辛子	赤唐辛子
材料-野菜	唐辛子	青唐辛子
材料-野菜	唐辛子	青とうがらし
材料-野菜	唐辛子	万願寺唐辛子
材料-野菜	唐辛子	万願寺とうがらし
材料-野菜	唐辛子	万願寺トウガラシ
材料-野菜	唐辛子	満願寺唐辛子
材料-野菜	唐辛子	葉唐辛子
材料-野菜	唐辛子	伏見とうがらし
材料-野菜	唐辛子	ひもとうがらし
材料-野菜	唐辛子	ひも唐辛子
材料-野菜	唐辛子	韓国唐辛子
材料-野菜	唐辛子	甘長唐辛子
材料-野菜	唐辛子	甘長とうがらし
材料-野菜	唐辛子	ジャンボししとう
材料-野菜	唐辛子	甘とうがらし
材料-野菜	唐辛子	甘唐辛子
材料-野菜	リンゴ	リンゴ
材料-野菜	リンゴ	林檎
材料-野菜	リンゴ	りんご
材料-野菜	バナナ	バナナ
材料-野菜	バナナ	ばなな
材料-野菜	グレープフルーツ	グレープフルーツ
材料-野菜	グレープフルーツ	ピンクグレープフルーツ
材料-野菜	グレープフルーツ	グレープフルーツルビー
材料-野菜	キウイ	キウイ
材料-野菜	キウイ	キウイフルーツ
材料-野菜	キウイ	キーウィーフルーツ
材料-野菜	キウイ	キーウィフルーツ
材料-野菜	キウイ	キウィフルーツ
材料-野菜	キウイ	キーウィ
材料-野菜	キウイ	ゴールドキウイ
材料-野菜	キウイ	キュウイ
材料-野菜	キウイ	キーウイ
材料-野菜	キウイ	キーウィ
材料-野菜	キウイ	キウィ
材料-野菜	イチゴ	イチゴ
材料-野菜	イチゴ	いちご
材料-野菜	イチゴ	苺
材料-野菜	デコポン	デコポン
材料-野菜	サクランボ	サクランボ
材料-野菜	サクランボ	さくらんぼ
材料-野菜	サクランボ	チェリー
材料-野菜	サクランボ	アメリカンチェリー
材料-野菜	サクランボ	ドレンチェリー
材料-野菜	サクランボ	ドレンドチェリー
材料-野菜	サクランボ	ダークチェリー
材料-野菜	サクランボ	桜桃
材料-野菜	サクランボ	おうとう
材料-野菜	メロン	メロン
材料-野菜	メロン	アンデスメロン
材料-野菜	メロン	マスクメロン
材料-野菜	メロン	マスクメロン
材料-野菜	メロン	ハネデューメロン
材料-野菜	メロン	ハネージュメロン
材料-野菜	メロン	ハニーデューメロン
材料-野菜	メロン	ジャコウウリ
材料-野菜	メロン	夕張メロン
材料-野菜	ビワ	びわ
材料-野菜	ビワ	枇杷
材料-野菜	ビワ	ビワ
材料-野菜	梅	梅
材料-野菜	梅	青梅
材料-野菜	梅	南高梅
材料-野菜	梅	梅干
材料-野菜	梅	梅干し
材料-野菜	梅	梅ぼし
材料-野菜	梅	うめぼし
材料-野菜	梅	ウメボシ
材料-野菜	あんず	あんず
材料-野菜	あんず	アンズ
材料-野菜	あんず	杏子
材料-野菜	あんず	杏
材料-野菜	あんず	アプリコット
材料-野菜	あんず	カラモモ
材料-野菜	あんず	唐桃
材料-野菜	パイナップル	パイナップル
材料-野菜	パイナップル	パイン
材料-野菜	スイカ	スイカ
材料-野菜	スイカ	すいか
材料-野菜	スイカ	西瓜
材料-野菜	プルーン	プルーン
材料-野菜	ブルーベリー	ブルーベリー
材料-野菜	ブルーベリー	ワイルドベリー
材料-野菜	落花生	落花生
材料-野菜	落花生	ピーナッツ
材料-野菜	落花生	ピーナツ
材料-野菜	落花生	バターピー
材料-野菜	落花生	ピーカンナッツ
材料-野菜	落花生	マカダミアナッツ
材料-野菜	落花生	マカデミアナッツ
材料-野菜	落花生	カシューナッツ
材料-野菜	落花生	ヘーゼルナッツ
材料-野菜	落花生	アーモンド
材料-野菜	落花生	くるみ
材料-野菜	落花生	ナッツ
材料-野菜	落花生	ミックスナッツ
材料-野菜	無花果	いちじく
材料-野菜	無花果	イチジク
材料-野菜	無花果	無花果
材料-野菜	すだち	すだち
材料-野菜	すだち	スダチ
材料-野菜	すだち	酢橘
材料-野菜	すだち	かぼす
材料-野菜	すだち	カボス
材料-野菜	すだち	臭橙
材料-野菜	すだち	香母酢
材料-野菜	すだち	ライム
材料-野菜	すだち	シークワーサー
材料-野菜	すだち	シークヮーサ−
材料-野菜	マンゴー	マンゴー
材料-野菜	マンゴー	マンゴ
材料-野菜	マンゴー	檬果
材料-野菜	マンゴー	芒果
材料-野菜	マンゴー	菴羅
材料-野菜	マンゴー	アンラ
材料-野菜	マンゴー	あんら
材料-野菜	マンゴー	菴摩羅
材料-野菜	マンゴー	アンマラ
材料-野菜	マンゴー	あんまら
材料-野菜	マンゴー	フィリピンマンゴー
材料-野菜	桃	桃
材料-野菜	桃	黄桃
材料-野菜	桃	白桃
材料-野菜	桃	モモ
材料-野菜	桃	もも
材料-野菜	桃	ピーチ
材料-野菜	柿	柿
材料-野菜	柿	かき
材料-野菜	柿	カキ
材料-野菜	梨	梨
材料-野菜	梨	なし
材料-野菜	梨	ナシ
材料-野菜	洋梨	洋梨
材料-野菜	洋梨	洋ナシ
材料-野菜	洋梨	洋なし
材料-野菜	洋梨	ラフランス
材料-野菜	洋梨	ラ・フランス
材料-野菜	洋梨	西洋梨
材料-野菜	洋梨	セイヨウナシ
材料-野菜	葡萄	葡萄
材料-野菜	葡萄	ぶどう
材料-野菜	葡萄	ブドウ
材料-野菜	葡萄	グレープ
材料-野菜	葡萄	巨峰
材料-野菜	葡萄	マスカット
材料-野菜	葡萄	ピオーネ
材料-野菜	葡萄	カルディナル
材料-野菜	葡萄	藤稔
材料-野菜	葡萄	紫玉
材料-野菜	葡萄	あづましずく
材料-野菜	葡萄	ナガノパープル
材料-野菜	葡萄	高妻
材料-野菜	葡萄	紅瑞宝
材料-野菜	葡萄	紅伊豆
材料-野菜	葡萄	多摩ゆたか
材料-野菜	葡萄	安芸クイーン
材料-野菜	葡萄	竜宝
材料-野菜	葡萄	ブラック・コリンス
材料-野菜	葡萄	コールマン
材料-野菜	葡萄	コンコード
材料-野菜	葡萄	ブラックオリンピア
材料-野菜	葡萄	シャスラ
材料-野菜	葡萄	レッドグローブ
材料-野菜	葡萄	デラウェア
材料-野菜	葡萄	甲斐路
材料-野菜	クリ	クリ
材料-野菜	クリ	日本栗
材料-野菜	クリ	栗
材料-野菜	クリ	くり
材料-野菜	クリ	シバグリ
材料-野菜	クリ	柴栗
材料-野菜	クリ	ヤマグリ
材料-野菜	クリ	山栗
材料-野菜	クリ	マロン
材料-野菜	クリ	まろん
材料-野菜	ザクロ	ザクロ
材料-野菜	ザクロ	ざくろ
材料-野菜	ザクロ	石榴
材料-野菜	ザクロ	柘榴
材料-野菜	ザクロ	若榴
材料-野菜	レモン	レモン
材料-野菜	レモン	れもん
材料-野菜	レモン	檸檬
材料-野菜	レモン	青レモン
材料-野菜	きんかん	きんかん
材料-野菜	きんかん	キンカン
材料-野菜	きんかん	金柑
材料-野菜	きんかん	きんきつ
材料-野菜	きんかん	キンキツ
材料-野菜	きんかん	金橘
材料-野菜	ゆず	ゆず
材料-野菜	ゆず	ユズ
材料-野菜	ゆず	柚子
材料-野菜	ゆず	青ゆず
材料-野菜	はっさく	はっさく
材料-野菜	はっさく	ハッサク
材料-野菜	はっさく	八朔
材料-野菜	ミカン	ミカン
材料-野菜	ミカン	みかん
材料-野菜	ミカン	蜜柑
材料-野菜	ミカン	夏ミカン
材料-野菜	ミカン	夏みかん
材料-野菜	ミカン	ネーブル
材料-野菜	ミカン	オレンジ
材料-野菜	ミカン	ネーブルオレンジ
材料-野菜	ミカン	いよかん
材料-野菜	ミカン	伊予柑
材料-野菜	ミカン	文旦
材料-野菜	ミカン	ポンカン
材料-野菜	アロエ	アロエ
材料-野菜	アロエ	あろえ
材料-野菜	パパイヤ	パパイヤ
材料-野菜	パパイヤ	ぱぱいや
材料-その他	魚肉練り製品	魚肉練り製品
材料-その他	魚肉練り製品	ちくわ
材料-その他	魚肉練り製品	チクワ
材料-その他	魚肉練り製品	竹輪
材料-その他	魚肉練り製品	はんぺん
材料-その他	魚肉練り製品	ハンペン
材料-その他	魚肉練り製品	カニカマ
材料-その他	魚肉練り製品	カニかま
材料-その他	魚肉練り製品	かにカマ
材料-その他	魚肉練り製品	かにかま
材料-その他	魚肉練り製品	カニカマボコ
材料-その他	魚肉練り製品	カニかまぼこ
材料-その他	魚肉練り製品	かにかまぼこ
材料-その他	魚肉練り製品	カニ風味かまぼこ
材料-その他	魚肉練り製品	かに風味かまぼこ
材料-その他	魚肉練り製品	かまぼこ
材料-その他	魚肉練り製品	蒲鉾
材料-その他	魚肉練り製品	笹かまぼこ
材料-その他	魚肉練り製品	笹かま
材料-その他	魚肉練り製品	ささかま
材料-その他	魚肉練り製品	あげかま
材料-その他	魚肉練り製品	魚肉ソーセージ
材料-その他	魚肉練り製品	魚ソーセージ
材料-その他	魚肉練り製品	さかなソーセージ
材料-その他	魚肉練り製品	魚ニソ
材料-その他	魚肉練り製品	薩摩揚げ
材料-その他	魚肉練り製品	さつま揚げ
材料-その他	魚肉練り製品	さつまあげ
材料-その他	魚肉練り製品	平天
材料-その他	魚肉練り製品	ひらてん
材料-その他	魚肉練り製品	角天
材料-その他	魚肉練り製品	角てん
材料-その他	シリアル	シリアル
材料-その他	シリアル	コーンフレーク
材料-その他	シリアル	コーンフレークス
材料-その他	シリアル	玄米フレーク
材料-その他	シリアル	グラノーラ
材料-その他	シリアル	大豆グラノーラ
材料-その他	シリアル	チーズグラノーラ
材料-その他	シリアル	フルーツグラノーラ
材料-その他	シリアル	フルーツグラノーラ
材料-その他	シリアル	フルグラ
材料-その他	シリアル	オールブラン
材料-その他	シリアル	シスコーンチョコリング
材料-その他	シリアル	チョコパフィ
材料-その他	シリアル	オートミール
材料-その他	チーズ	チーズ
材料-その他	チーズ	ブルーチーズ
材料-その他	チーズ	モッツァレラ
材料-その他	チーズ	カマンベール
材料-その他	チーズ	チェダーチーズ
材料-その他	チーズ	モッツァレラチーズ
材料-その他	チーズ	モツァレラチーズ
材料-その他	チーズ	カマンベールチーズ
材料-その他	チーズ	モッツアレラチーズ
材料-その他	チーズ	ミックスチーズ
材料-その他	チーズ	カッテージチーズ
材料-その他	チーズ	プロセスチーズ
材料-その他	チーズ	ベビーチーズ
材料-その他	チーズ	ピザチーズ
材料-その他	チーズ	パルメザン
材料-その他	チーズ	ナチュラルチーズ
材料-その他	チーズ	ゴルゴンゾーラ
材料-その他	チーズ	スモークチーズ
材料-その他	チーズ	パルメザンチーズ
材料-その他	チーズ	スライスチーズ
材料-その他	チーズ	シュレッドチーズ
材料-その他	チーズ	シュレットチーズ
材料-その他	チーズ	シュレトチーズ
材料-その他	チーズ	クリームチーズ
材料-その他	チーズ	クリームリーズ
材料-その他	チーズ	フェタチーズ
材料-その他	チーズ	マスカルポーネ
材料-その他	チーズ	粉チーズ
材料-その他	チーズ	粉チーす
材料-その他	チーズ	ペコリーノ
材料-その他	チーズ	マスカルポーネチーズ
材料-その他	チーズ	グリュイエールチーズ
材料-その他	チーズ	エメンタールチーズ
材料-その他	チーズ	カチョカバロ
材料-その他	チーズ	モッツァレラチチーズ
材料-その他	チーズ	モツアレラチーズ
材料-その他	チーズ	カマンベルチーズ
材料-その他	チーズ	ブリーチーズ
材料-その他	チーズ	リコッタチーズ
材料-その他	ヨーグルト	ヨーグルト
材料-その他	ヨーグルト	プレーンヨーグルト
材料-その他	ヨーグルト	カスピ海ヨーグルト
材料-その他	こんにゃく	糸こんにゃく
材料-その他	こんにゃく	糸コンニャク
材料-その他	こんにゃく	糸こん
材料-その他	こんにゃく	糸コン
材料-その他	こんにゃく	しらたき
材料-その他	こんにゃく	シラタキ
材料-その他	こんにゃく	白滝
材料-その他	こんにゃく	玉こんにゃく
材料-その他	こんにゃく	玉コンニャク
材料-その他	こんにゃく	板こんにゃく
材料-その他	こんにゃく	板コンニャク
材料-その他	こんにゃく	刺身こんにゃく
材料-その他	こんにゃく	刺身コンニャク
材料-その他	こんにゃく	つきこんにゃく
材料-その他	こんにゃく	つきコンニャク
材料-その他	こんにゃく	ツキコンンヤク
材料-その他	こんにゃく	コンニャク
材料-その他	こんにゃく	こんにゃく
材料-その他	こんにゃく	蒟蒻
材料-その他	こんにゃく	こんにゃく発表
材料-その他	ひじき	ひじき
材料-その他	ひじき	ヒジキ
材料-その他	ひじき	鹿尾菜
材料-その他	ひじき	羊栖菜
材料-その他	ひじき	芽ひじき
材料-その他	ワカメ	ワカメ
材料-その他	ワカメ	わかめ
材料-その他	ワカメ	若布
材料-その他	ワカメ	茎ワカメ
材料-その他	ワカメ	茎わかめ
材料-その他	もずく	もずく
材料-その他	もずく	モズク
材料-その他	もずく	水雲
材料-その他	もずく	海蘊
材料-その他	もずく	藻付
材料-その他	昆布	昆布
材料-その他	昆布	こんぶ
材料-その他	昆布	コンブ
材料-その他	昆布	塩昆布
材料-その他	昆布	塩こんぶ
材料-その他	昆布	塩コンブ
材料-その他	昆布	根昆布
材料-その他	昆布	根こんぶ
材料-その他	昆布	根コンブ
材料-その他	昆布	おぼろ昆布
材料-その他	昆布	おぼろこんぶ
材料-その他	昆布	おぼろコンブ
材料-その他	昆布	出汁昆布
材料-その他	昆布	出汁こんぶ
材料-その他	昆布	出汁コンブ
材料-その他	昆布	だし昆布
材料-その他	昆布	だしこんぶ
材料-その他	昆布	だしコンブ
材料-その他	昆布	ダシ昆布
材料-その他	昆布	ダシこんぶ
材料-その他	昆布	ダシコンブ
材料-その他	海苔	海苔
材料-その他	海苔	のり
材料-その他	海苔	ノリ
材料-その他	海苔	韓国海苔
材料-その他	海苔	韓国のり
材料-その他	海苔	韓国ノリ
材料-その他	海苔	岩海苔
材料-その他	海苔	岩のり
材料-その他	海苔	岩ノリ
材料-その他	海苔	青海苔
材料-その他	海苔	青のり
材料-その他	海苔	青ノリ
材料-その他	海苔	青海苔粉
材料-その他	海苔	青のり粉
材料-その他	海苔	青ノリ粉
材料-その他	海苔	青さのり
材料-その他	海苔	あおさ海苔
材料-その他	海苔	あおさのり
材料-その他	海苔	アオサ海苔
材料-その他	海苔	アオサノリ
材料-その他	春雨	春雨
材料-その他	春雨	はるさめ
材料-その他	春雨	緑豆春雨
材料-その他	春雨	緑豆はるさめ
材料-その他	春雨	韓国春雨
材料-その他	春雨	韓国はるさめ
材料-その他	春雨	チャプチェ麺
材料-その他	麩	麩
材料-その他	麩	お麩
材料-その他	麩	車麩
材料-その他	麩	油麩
材料-その他	麩	あぶら麩
材料-その他	麩	仙台麩
材料-その他	麩	花麩
材料-その他	麩	板麩
材料-その他	麩	手まり麩
材料-その他	麩	生麩
材料-その他	麩	もち麩
材料-その他	麩	うずまき麩
材料-その他	麩	庄内麩
材料-その他	麩	焼き麩
材料-その他	麩	すだれ麩
材料-その他	麩	角麩
材料-その他	麩	棒麩
材料-その他	麩	小町麩
材料-その他	麩	おつゆ麩
材料-その他	麩	白玉麩
材料-その他	麩	丁子麩
材料-その他	きくらげ	きくらげ
材料-その他	きくらげ	キクラゲ
材料-その他	きくらげ	木耳
材料-その他	きくらげ	白きくらげ
材料-その他	きくらげ	白キクラゲ
材料-その他	きくらげ	白木耳
材料-その他	きくらげ	木くらげ
材料-その他	きくらげ	木クラゲ
材料-その他	かんぴょう	かんぴょう
材料-その他	かんぴょう	干ぴょう
材料-その他	かんぴょう	干瓢
材料-その他	かんぴょう	乾ぴょう
材料-その他	かんぴょう	乾瓢
材料-その他	キムチ	キムチ
材料-その他	キムチ	白菜キムチ
材料-その他	豆腐	豆腐
材料-その他	豆腐	とうふ
材料-その他	豆腐	トウフ
材料-その他	豆腐	お豆腐
材料-その他	豆腐	おとうふ
材料-その他	豆腐	絹ごし
材料-その他	豆腐	絹ごし豆腐
材料-その他	豆腐	絹こし豆腐
材料-その他	豆腐	絹ごしとうふ
材料-その他	豆腐	絹こしとうふ
材料-その他	豆腐	絹豆腐
材料-その他	豆腐	絹とうふ
材料-その他	豆腐	木綿豆腐
材料-その他	豆腐	木綿とうふ
材料-その他	豆腐	もめん豆腐
材料-その他	豆腐	充填豆腐
材料-その他	豆腐	おぼろ豆腐
材料-その他	豆腐	寄せ豆腐
材料-その他	豆腐	冷奴
材料-その他	豆腐	厚揚げ
材料-その他	豆腐	厚揚げ豆腐
材料-その他	おから	おから
材料-その他	おから	オカラ
材料-その他	おから	卯の花
材料-その他	おから	おからパウダー
材料-その他	高野豆腐	高野豆腐
材料-その他	高野豆腐	こうや豆腐
材料-その他	高野豆腐	コウヤ豆腐
材料-その他	高野豆腐	凍り豆腐
材料-その他	高野豆腐	凍み豆腐
材料-その他	高野豆腐	凍豆腐
材料-その他	高野豆腐	冷凍豆腐
材料-その他	納豆	納豆
材料-その他	納豆	なっとう
材料-その他	納豆	ひきわり納豆
材料-その他	納豆	黒豆納豆
材料-その他	油揚げ	油揚げ
材料-その他	油揚げ	油あげ
材料-その他	油揚げ	あぶらあげ
材料-その他	油揚げ	あげ
材料-その他	油揚げ	うす揚げ
材料-その他	油揚げ	薄揚げ
材料-その他	油揚げ	うすあげ
材料-その他	油揚げ	小揚げ
材料-その他	油揚げ	油揚
材料-その他	油揚げ	お揚げ
材料-その他	油揚げ	揚げ
材料-その他	卵	卵
材料-その他	卵	玉子
材料-その他	卵	たまご
材料-その他	卵	タマゴ
材料-その他	卵	鶏卵
材料-その他	卵	うずら
材料-その他	卵	うずら卵
材料-その他	卵	ウズラ卵
材料-その他	卵	うずらの卵
材料-その他	卵	全卵
材料-その他	卵	卵黄
材料-その他	卵	黄身
材料-その他	卵	卵白
材料-その他	卵	白身
材料-その他	米飯	米飯
材料-その他	米飯	米
材料-その他	米飯	こめ
材料-その他	米飯	コメ
材料-その他	米飯	米粒
材料-その他	米飯	お米
材料-その他	米飯	おこめ
材料-その他	米飯	粳米
材料-その他	米飯	うるち米
材料-その他	米飯	ウルチ米
材料-その他	米飯	うるちまい
材料-その他	米飯	うる米
材料-その他	米飯	うるごめ
材料-その他	米飯	餅米
材料-その他	米飯	もち米
材料-その他	米飯	モチ米
材料-その他	米飯	糯米
材料-その他	米飯	もちごめ
材料-その他	米飯	もちまい
材料-その他	米飯	玄米
材料-その他	米飯	発芽玄米
材料-その他	米飯	五穀米
材料-その他	米飯	雑穀米
材料-その他	米飯	白米
材料-その他	米飯	黒米
材料-その他	米飯	タイ米
材料-その他	米飯	押麦
材料-その他	米飯	押し麦
材料-その他	米飯	御飯
材料-その他	米飯	ご飯
材料-その他	米飯	ごはん
材料-その他	米飯	ゴハン
材料-その他	米飯	ライス
材料-その他	米飯	白飯
材料-その他	米飯	白御飯
材料-その他	米飯	白ご飯
材料-その他	米飯	白ごはん
材料-その他	米飯	白ゴハン
材料-その他	米飯	玄米御飯
材料-その他	米飯	玄米ご飯
材料-その他	米飯	玄米ごはん
材料-その他	米飯	玄米ゴハン
材料-その他	米飯	雑穀御飯
材料-その他	米飯	雑穀ご飯
材料-その他	米飯	雑穀ごはん
材料-その他	米飯	雑穀ゴハン
材料-その他	米飯	麦御飯
材料-その他	米飯	麦ご飯
材料-その他	米飯	麦ごはん
材料-その他	米飯	麦ゴハン
材料-その他	パスタ麺	パスタ麺
材料-その他	パスタ麺	パスタ
材料-その他	パスタ麺	バスタ
材料-その他	パスタ麺	スパゲッティ
材料-その他	パスタ麺	スパゲッティー
材料-その他	パスタ麺	スパゲッディ
材料-その他	パスタ麺	スパゲッチィ
材料-その他	パスタ麺	スパゲテイ
材料-その他	パスタ麺	スバゲティ
材料-その他	パスタ麺	スパゲティ-
材料-その他	パスタ麺	スパゲティー
材料-その他	パスタ麺	スパゲテッィ
材料-その他	パスタ麺	スパケテイ
材料-その他	パスタ麺	スパッゲティ
材料-その他	パスタ麺	スパベティー
材料-その他	パスタ麺	スパディー
材料-その他	パスタ麺	スパ手ティー
材料-その他	パスタ麺	スパゲtィ
材料-その他	パスタ麺	スパゲッティーニ
材料-その他	パスタ麺	スパゲッティーニィ
材料-その他	パスタ麺	スパゲティーニ
材料-その他	パスタ麺	フェデリーニ
材料-その他	パスタ麺	ヴェルミチェッリ
材料-その他	パスタ麺	カペッリーニ
材料-その他	パスタ麺	カッペリーニ
材料-その他	パスタ麺	リングイネ
材料-その他	パスタ麺	リングイーネ
材料-その他	パスタ麺	ブカティーニ 
材料-その他	パスタ麺	キタッラ
材料-その他	パスタ麺	タリアテッレ
材料-その他	パスタ麺	タリアッテレ
材料-その他	パスタ麺	タリアテッラ
材料-その他	パスタ麺	パッパルデッレ
材料-その他	パスタ麺	ビーゴリ
材料-その他	パスタ麺	ピッツォッケリ
材料-その他	パスタ麺	パッサテッリ
材料-その他	パスタ麺	ストロンカテッリ
材料-その他	パスタ麺	タリオリーニ
材料-その他	パスタ麺	トレネッテ
材料-その他	パスタ麺	ショートパスタ
材料-その他	パスタ麺	マッケローネ
材料-その他	パスタ麺	ペンネ
材料-その他	パスタ麺	ペンネリガーテ
材料-その他	パスタ麺	ペンネマカロニ
材料-その他	パスタ麺	ベンネ
材料-その他	パスタ麺	リガトーニ
材料-その他	パスタ麺	ファルファッレ
材料-その他	パスタ麺	コンキリエ
材料-その他	パスタ麺	フジッリ
材料-その他	パスタ麺	ルオーテ
材料-その他	パスタ麺	オレッキエッテ
材料-その他	パスタ麺	ガルガネッリ
材料-その他	パスタ麺	ガッセ
材料-その他	パスタ麺	ステッリーネ
材料-その他	パスタ麺	ツィーテ
材料-その他	パスタ麺	カサレッチェ
材料-その他	パスタ麺	ラビオリ
材料-その他	パスタ麺	トルテッリ
材料-その他	パスタ麺	トルテッリーニ
材料-その他	パスタ麺	アノリーニ
材料-その他	パスタ麺	カルツォニッキ
材料-その他	パスタ麺	カンネッローニ
材料-その他	パスタ麺	カソンセイ
材料-その他	パスタ麺	チャルツォンス
材料-その他	パスタ麺	クリンジョネス
材料-その他	パスタ麺	パンツェロッティ
材料-その他	パスタ麺	ラザーニェ
材料-その他	パスタ麺	ニョッキ
材料-その他	パスタ麺	クスクス
材料-その他	パスタ麺	リゾーニ
材料-その他	パスタ麺	マルタリアーティ
材料-その他	パスタ麺	パスタ・ミスタ 
材料-その他	パスタ麺	マカロニ
材料-その他	パスタ麺	ライスマカロニ
材料-その他	パスタ麺	シェルマカロニ
材料-その他	パスタ麺	サラダマカロニ
材料-その他	パスタ麺	サラダスパゲッティ
材料-その他	パスタ麺	サラダスパゲティ
材料-その他	パスタ麺	サラダスパゲティー
材料-その他	パスタ麺	サラスパ
材料-その他	パスタ麺	フスィリ
材料-その他	パスタ麺	ファルファーレ
材料-その他	パスタ麺	ラザーニャ
材料-その他	パスタ麺	フィットチーネ
材料-その他	パスタ麺	フェットチーネ
材料-その他	パスタ麺	フェトチーネ
材料-その他	パスタ麺	ディチェコ
材料-その他	パスタ麺	シュペッツレ
材料-その他	パスタ麺	レジネッテ
材料-その他	パスタ麺	ロティーニ
材料-その他	パスタ麺	エリーケ
材料-その他	うどん	うどん
材料-その他	うどん	ウドン
材料-その他	うどん	饂飩
材料-その他	うどん	さぬきうどん
材料-その他	うどん	讃岐うどん
材料-その他	うどん	讃岐饂飩
材料-その他	うどん	いなにわうどん
材料-その他	うどん	稲庭うどん
材料-その他	うどん	稲庭饂飩
材料-その他	うどん	きしめん
材料-その他	そば	そば
材料-その他	そば	蕎麦
材料-その他	そば	ソバ
材料-その他	そば	茶そば
材料-その他	そば	茶蕎麦
材料-その他	そば	茶ソバ
材料-その他	そうめん	そうめん
材料-その他	そうめん	素麺
材料-その他	そうめん	そーめん
材料-その他	そうめん	ソーメン
材料-その他	そうめん	ひやむぎ
材料-その他	そうめん	冷麦
材料-その他	そうめん	ふしめん
材料-その他	そうめん	節麺
材料-その他	そうめん	半田麺
材料-その他	中華麺	中華麺
材料-その他	中華麺	中華乾麺
材料-その他	中華麺	中華蒸し麺
材料-その他	中華麺	中華めん
材料-その他	中華麺	中華そば
材料-その他	中華麺	焼きそば
材料-その他	中華麺	焼きソバ
材料-その他	中華麺	やきそば
材料-その他	中華麺	ヤキソバ
材料-その他	中華麺	ラーメン
材料-その他	中華麺	ラーマン
材料-その他	中華麺	ラーメン
材料-その他	中華麺	らーめん
材料-その他	中華麺	拉麺
材料-その他	中華麺	ちゃんぽん麺
材料-その他	中華麺	チャンポン麺
材料-その他	中華麺	豆腐麺
材料-その他	中華麺	マルちゃん正麺
材料-その他	小麦粉	小麦粉
材料-その他	小麦粉	小麦
材料-その他	小麦粉	小麦後
材料-その他	小麦粉	強力粉
材料-その他	小麦粉	キタノカオリ
材料-その他	小麦粉	リスドォル
材料-その他	小麦粉	イーグル
材料-その他	小麦粉	中力粉
材料-その他	小麦粉	薄力粉
材料-その他	小麦粉	はくりきこ
材料-その他	小麦粉	浮き粉
材料-その他	小麦粉	全粒粉
材料-その他	小麦粉	グラハム粉
材料-その他	小麦粉	セモリナ粉
材料-その他	小麦粉	天ぷら粉
材料-その他	小麦粉	てんぷら粉
材料-その他	小麦粉	唐揚粉
材料-その他	小麦粉	唐揚げ粉
材料-その他	小麦粉	から揚げ粉
材料-その他	小麦粉	からあげ粉
材料-その他	小麦粉	お好み焼粉
材料-その他	小麦粉	お好み焼き粉
材料-その他	小麦粉	お好み焼き子
材料-その他	小麦粉	たこ焼粉
材料-その他	小麦粉	たこ焼き粉
材料-その他	小麦粉	ライ麦粉
材料-その他	小麦粉	ふすま粉
材料-その他	小麦粉	はったい粉
材料-その他	小麦粉	麦こがし
材料-その他	小麦粉	ヒラヤーチ粉
材料-その他	小麦粉	チヂミ粉
材料-その他	片栗粉	片栗粉
材料-その他	片栗粉	かたくり粉
材料-その他	片栗粉	カタクリ粉
材料-その他	片栗粉	カタクリ粉
材料-その他	片栗粉	かたくりこ
材料-その他	片栗粉	カタクリコ
材料-その他	片栗粉	片栗
材料-その他	片栗粉	かたくり
材料-その他	片栗粉	カタクリ
材料-その他	片栗粉	カタクリ
材料-その他	澱粉	澱粉
材料-その他	澱粉	でんぷん
材料-その他	澱粉	デンプン
材料-その他	澱粉	スターチ
材料-その他	澱粉	コーンスターチ
材料-その他	澱粉	コンスターチ
材料-その他	澱粉	コーングリッツ
材料-その他	米粉	米粉
材料-その他	米粉	こめこ
材料-その他	米粉	お米の粉
材料-その他	米粉	白玉粉
材料-その他	米粉	寒ざらし粉
材料-その他	米粉	餅粉
材料-その他	米粉	もち粉
材料-その他	米粉	求肥粉
材料-その他	米粉	道明寺粉
材料-その他	米粉	寒梅粉
材料-その他	米粉	落雁粉
材料-その他	米粉	微塵粉
材料-その他	米粉	みじん粉
材料-その他	米粉	上新粉
材料-その他	米粉	上用粉
材料-その他	米粉	乳児粉
材料-その他	米粉	乳児穀粉
材料-その他	米粉	リ・ファリーヌ
材料-その他	米粉	団子粉
材料-その他	米粉	だんご粉
材料-その他	米粉	玄米粉
材料-その他	米粉	上南粉
材料-その他	パン粉	パン粉
材料-その他	パン粉	生パン粉
材料-その他	イースト	イースト
材料-その他	イースト	ドライイースト
材料-その他	イースト	酵母
材料-その他	イースト	天然酵母
材料-その他	ゼラチン	ゼラチン
材料-その他	ゼラチン	セラチン
材料-その他	ゼラチン	ゼライス
材料-その他	ゼラチン	ゼリス
材料-その他	ホットケーキミックス	ホットケーキミックス
材料-その他	ホットケーキミックス	ホットケーキミックス
材料-その他	ホットケーキミックス	ホットケーキミクス
材料-その他	ホットケーキミックス	ホットケーキＭＩＸ
材料-その他	ホットケーキミックス	ホットケーキMIX
材料-その他	ホットケーキミックス	ホットケキミックス
材料-その他	ホットケーキミックス	ホットクミックス
材料-その他	ホットケーキミックス	ＨＭ
材料-その他	ホットケーキミックス	ＨＣＭ
材料-その他	ホットケーキミックス	HM
材料-その他	ホットケーキミックス	HCM
材料-その他	ホットケーキミックス	ホットケーキ粉
材料-その他	ホットケーキミックス	ホッツトケーキ粉
材料-その他	ホットケーキミックス	パンケーキミックス
材料-その他	ホットケーキミックス	ケーキミックス
材料-その他	ジャム	ジャム
材料-その他	ジャム	リンゴジャム
材料-その他	ジャム	ブルーベリージャム
材料-その他	ジャム	苺ジャム
材料-その他	ジャム	りんごジャム
材料-その他	ジャム	いちごジャム
材料-その他	ジャム	イチゴジャム
材料-その他	ジャム	マーマレードジャム
材料-その他	ジャム	ラズベリージャム
材料-その他	ジャム	アプリコットジャム
材料-その他	ジャム	マンゴージャム
材料-その他	ジャム	柿ジャム
材料-その他	ジャム	ママレードジャム
材料-その他	ジャム	アップルジャム
材料-その他	ジャム	林檎ジャム
材料-その他	ジャム	あんずジャム
材料-その他	ジャム	ブルベリージャム
材料-その他	ジャム	パンプキンジャム
材料-その他	ジャム	金柑ジャム
材料-その他	パン	パン
材料-その他	パン	フランスパン
材料-その他	パン	バケット
材料-その他	パン	バゲット
材料-その他	パン	バゲッド
材料-その他	パン	クロワッサン
材料-その他	パン	マフィン
材料-その他	パン	イングリッシュマフィン
材料-その他	パン	ベーグル
材料-その他	パン	ナン
材料-その他	パン	ピタパン
材料-その他	パン	コッペパン
材料-その他	パン	バターロール
材料-その他	パン	ロールパン
材料-その他	パン	食パン
材料-その他	パン	しょくパン
材料-その他	パン	ラスク
材料-その他	パン	バンズ
材料-その他	パン	バーンズ
材料-その他	パン	パンズ
材料-その他	パン	ブレッド
材料-その他	パン	トルティーヤ
材料-その他	パン	バタール
材料-その他	パン	スティックパン
材料-その他	餅	餅
材料-その他	餅	もち
材料-その他	餅	モチ
材料-その他	餅	お餅
材料-その他	餅	おもち
材料-その他	餡子	餡子
材料-その他	餡子	つぶあん
材料-その他	餡子	白あん
材料-その他	餡子	粒あん
材料-その他	餡子	こし餡
材料-その他	餡子	白餡
材料-その他	餡子	小豆あん
材料-その他	餡子	粒餡
材料-その他	餡子	つぶ餡
材料-その他	餡子	あんこ
材料-その他	餡子	漉し餡
材料-その他	餡子	練りあん
材料-その他	餡子	餡
材料-その他	餡子	小豆餡
材料-その他	餡子	こしあん
材料-その他	餡子	黒あん
材料-その他	餡子	粒餡子
材料-その他	餡子	さらしあん
材料-その他	餡子	赤餡
材料-その他	餡子	赤あん
材料-その他	餡子	うぐいす餡
材料-その他	餡子	ずんだ
材料-その他	餡子	緑豆餡
材料-その他	餡子	さらし餡
材料-その他	餡子	晒し餡
材料-その他	餡子	晒餡
材料-その他	餡子	つぶしあん
材料-その他	餡子	つぶし餡
材料-その他	餡子	小倉餡
材料-その他	餡子	小倉あん
材料-その他	飲料水	飲料水
材料-その他	飲料水	水
材料-その他	飲料水	みず
材料-その他	飲料水	ウォーター
材料-その他	飲料水	湯
材料-その他	飲料水	お湯
材料-その他	飲料水	ぉ湯
材料-その他	炭酸水	炭酸水
材料-その他	炭酸水	炭酸
材料-その他	炭酸水	炭酸飲料
材料-その他	炭酸水	発砲水
材料-その他	炭酸水	たんさんすい
材料-その他	炭酸水	スパークリングウォーター
材料-その他	炭酸水	ソーダ水
材料-その他	炭酸水	ソーダ
材料-その他	炭酸水	ソーダー
材料-その他	炭酸水	サイダー
材料-その他	炭酸水	コーラ
材料-その他	炭酸水	コーラー
材料-その他	炭酸水	ネックス
材料-その他	炭酸水	ペプシ
材料-その他	炭酸水	ジンジャーエール
材料-その他	炭酸水	キリンレモン
材料-その他	炭酸水	スプライト
材料-その他	牛乳	牛乳
材料-その他	牛乳	ぎゅうにゅう
材料-その他	牛乳	ミルク
材料-その他	牛乳	豆乳
材料-その他	牛乳	ココナッツミルク
材料-その他	牛乳	コーヒーフレッシュ
材料-その他	生クリーム	生クリーム
材料-その他	トマトジュース	トマトジュース
材料-その他	練乳	練乳
材料-その他	練乳	煉乳
材料-その他	練乳	れん乳
材料-その他	練乳	練りミルク
材料-その他	練乳	コンデンスミルク
材料-その他	練乳	エバミルク
材料-その他	アイスクリーム	アイスクリーム
材料-その他	アイスクリーム	アイス
材料-その他	アイスクリーム	バニラアイスクリーム
材料-その他	アイスクリーム	バニラアイス
材料-その他	アイスクリーム	クリームアイスクリーム
材料-その他	アイスクリーム	クリームアイス
材料-その他	アイスクリーム	抹茶アイスクリーム
材料-その他	アイスクリーム	抹茶アイス
材料-その他	アイスクリーム	チョコアイスクリーム
材料-その他	アイスクリーム	チョコアイス
材料-その他	アイスクリーム	チョコレートアイスクリーム
材料-その他	アイスクリーム	チョコレートアイス
材料-その他	アイスクリーム	カスタードアイスクリーム
材料-その他	アイスクリーム	カスタードアイス
材料-その他	チョコレート	チョコレート
材料-その他	チョコレート	チョコ
材料-その他	チョコレート	ちょこ
材料-その他	チョコレート	ホワイトチョコレート
材料-その他	チョコレート	ホワイトチョコ
材料-その他	チョコレート	ミルクチョコレート
材料-その他	チョコレート	ミルクチョコ
材料-その他	チョコレート	イチゴチョコレート
材料-その他	チョコレート	イチゴチョコ
材料-その他	チョコレート	チョコレートチップ
材料-その他	チョコレート	チョコチップ
材料-その他	チョコレート	チョコレートペン
材料-その他	チョコレート	チョコペン
材料-その他	マシュマロ	マシュマロ
材料-その他	マシュマロ	マシマロ
材料-その他	マシュマロ	マショマロ
材料-その他	レーズン	レーズン
材料-その他	レーズン	ラムレーズン
材料-その他	レーズン	干しぶどう
材料-その他	レーズン	干しブドウ
材料-その他	レーズン	干し葡萄
材料-その他	レーズン	干葡萄
材料-その他	餃子の皮	餃子の皮
材料-その他	餃子の皮	ぎょうざの皮
材料-その他	餃子の皮	ぎょーざの皮
材料-その他	餃子の皮	ギョウザの皮
材料-その他	餃子の皮	ギョーザの皮
材料-その他	餃子の皮	餃子皮
材料-その他	餃子の皮	ぎょうざ皮
材料-その他	餃子の皮	ぎょーざ皮
材料-その他	餃子の皮	ギョウザ皮
材料-その他	餃子の皮	ギョーザ皮
材料-その他	餃子の皮	春巻きの皮
材料-その他	餃子の皮	春巻の皮
材料-その他	餃子	餃子
材料-その他	餃子	ぎょうざ
材料-その他	餃子	ぎょーざ
材料-その他	餃子	ギョウザ
材料-その他	餃子	ギョーザ
材料-その他	餃子	水餃子
材料-その他	カステラ	カステラ
材料-その他	カステラ	カステーラ
材料-その他	カステラ	カステイラ
材料-その他	カステラ	かすてら
材料-その他	カステラ	かすてーら
材料-その他	カステラ	かすていら
材料-その他	ちらし寿司の素	ちらし寿司の素
材料-その他	ちらし寿司の素	ちらし寿司のもと
材料-その他	クリームシチューの素	クリームシチューの素
材料-その他	クリームシチューの素	クリームシチューのもと
材料-その他	クリームシチューの素	クリームシチューのルー
材料-その他	クリームシチューの素	クリームシチューのルウ
材料-その他	クリームシチューの素	クリームシチュールウ
材料-その他	麻婆豆腐の素	麻婆豆腐の素
材料-その他	麻婆豆腐の素	麻婆豆腐のもと
調味料	砂糖	砂糖
調味料	砂糖	さとう
調味料	砂糖	シュガー
調味料	砂糖	ショ糖
調味料	砂糖	黒砂糖
調味料	砂糖	黒糖
調味料	砂糖	白下糖
調味料	砂糖	カソナード
調味料	砂糖	赤砂糖
調味料	砂糖	和三盆
調味料	砂糖	ザラメ糖
調味料	砂糖	ざらめ糖
調味料	砂糖	ザラメ
調味料	砂糖	ざらめ
調味料	砂糖	白双糖
調味料	砂糖	中双糖
調味料	砂糖	グラニュー糖
調味料	砂糖	上白糖
調味料	砂糖	三温糖
調味料	砂糖	角砂糖
調味料	砂糖	粉砂糖
調味料	砂糖	粉糖
調味料	砂糖	メープルシュガー
調味料	砂糖	甜菜糖
調味料	砂糖	てん菜糖
調味料	砂糖	てんさい糖
調味料	砂糖	転化糖
調味料	砂糖	粗糖
調味料	砂糖	素焚糖
調味料	砂糖	オリゴ糖
調味料	砂糖	キビ糖
調味料	砂糖	パウダーシュガー
調味料	砂糖	ブラウンシュガー
調味料	砂糖	パルスイート
調味料	砂糖	パルスウィート
調味料	砂糖	エリスリム
調味料	氷砂糖	氷砂糖
調味料	氷砂糖	氷糖
調味料	蜂蜜	蜂蜜
調味料	蜂蜜	はちみつ
調味料	蜂蜜	はつみつ
調味料	蜂蜜	ハチミツ
調味料	蜂蜜	メイプルシロップ
調味料	蜂蜜	メープルシロップ
調味料	蜂蜜	ケーキシロップ
調味料	蜂蜜	ガムシロップ
調味料	蜂蜜	水飴
調味料	蜂蜜	水あめ
調味料	蜂蜜	黒蜜
調味料	蜂蜜	黒みつ
調味料	食塩	食塩
調味料	食塩	塩
調味料	食塩	ソルト
調味料	食塩	ハーブ塩
調味料	食塩	ハーブソルト
調味料	食塩	ガーリックソルト
調味料	食塩	アッケシソウ塩
調味料	食塩	アジシオ
調味料	食塩	アジ塩
調味料	食塩	あじ塩
調味料	食塩	味塩
調味料	食塩	自然塩
調味料	食塩	天然塩
調味料	食塩	天日塩
調味料	食塩	あら塩
調味料	食塩	粗塩
調味料	食塩	シーズンドソルト
調味料	食塩	マジックソルト
調味料	食塩	藻塩
調味料	食塩	岩塩
調味料	食塩	クレイジーソルト
調味料	食塩	クレイジーーソルト
調味料	食塩	クレージーソルト
調味料	食塩	クレジーソルト
調味料	食塩	クレソル
調味料	食塩	ゆず塩
調味料	コショウ	コショウ
調味料	コショウ	コショー
調味料	コショウ	こしょう
調味料	コショウ	こしょー
調味料	コショウ	胡椒
調味料	コショウ	ペッパー
調味料	コショウ	ブラックペッパー
調味料	コショウ	ブラックペパー
調味料	コショウ	黒胡椒
調味料	コショウ	黒コショウ
調味料	コショウ	黒コショー
調味料	コショウ	黒こしょう
調味料	コショウ	黒こしょー
調味料	コショウ	ホワイトペッパー
調味料	コショウ	ホワイトペパー
調味料	コショウ	白胡椒
調味料	コショウ	白コショウ
調味料	コショウ	白コショー
調味料	コショウ	白こしょう
調味料	コショウ	白こしょー
調味料	コショウ	グリーンペッパー
調味料	コショウ	グリーンペパー
調味料	コショウ	青胡椒
調味料	コショウ	青コショウ
調味料	コショウ	青コショー
調味料	コショウ	青こしょう
調味料	コショウ	青こしょー
調味料	コショウ	赤胡椒
調味料	コショウ	赤コショウ
調味料	コショウ	赤コショー
調味料	コショウ	赤こしょう
調味料	コショウ	赤こしょー
調味料	味の素	味の素
調味料	味の素	旨味調味料
調味料	味の素	旨み調味料
調味料	味の素	うま味調味料
調味料	味の素	うまみ調味料
調味料	味の素	ハイミー
調味料	味の素	こぶうま
調味料	酢	酢
調味料	酢	醋
調味料	酢	食酢
調味料	酢	お酢
調味料	酢	醸造酢
調味料	酢	穀物酢
調味料	酢	粕酢
調味料	酢	麦芽酢
調味料	酢	米酢
調味料	酢	米黒酢
調味料	酢	黒酢
調味料	酢	香醋
調味料	酢	赤酢
調味料	酢	大麦芽酢
調味料	酢	モルトビネガー
調味料	酢	ハトムギ酢
調味料	酢	果実酢
調味料	酢	りんご酢
調味料	酢	ぶどう酢
調味料	酢	バルサミコ酢
調味料	酢	柿酢
調味料	酢	合成酢
調味料	酢	ワインビネガー
調味料	酢	白ワインビネガー
調味料	酢	赤ワインビネガー
調味料	すし酢	すし酢
調味料	すし酢	寿司酢
調味料	ポン酢	ポン酢
調味料	ポン酢	ぽん酢
調味料	ポン酢	ポンズ
調味料	ポン酢	ぽんず
調味料	ポン酢	味ポン
調味料	ポン酢	味ぽん
調味料	ポン酢	あじポン
調味料	ポン酢	あじぽん
調味料	ポン酢	ポン酢醤油
調味料	ポン酢	ぽん酢醤油
調味料	ポン酢	ポンズ醤油
調味料	ポン酢	ぽんず醤油
調味料	ポン酢	ポン酢しょうゆ
調味料	ポン酢	ぽん酢しょうゆ
調味料	ポン酢	ポンズしょうゆ
調味料	ポン酢	ぽんずしょうゆ
調味料	醤油	醤油
調味料	醤油	しょう油
調味料	醤油	しょうゆ
調味料	醤油	しょゆ
調味料	醤油	お醤油
調味料	醤油	おしょう油
調味料	醤油	おしょうゆ
調味料	醤油	たまり醤油
調味料	醤油	たまりしょう油
調味料	醤油	たまりしょうゆ
調味料	醤油	溜り醤油
調味料	醤油	溜りしょう油
調味料	醤油	溜りしょうゆ
調味料	醤油	こいくち醤油
調味料	醤油	こいくちしょう油
調味料	醤油	こいくちしょうゆ
調味料	醤油	濃口醤油
調味料	醤油	濃口しょう油
調味料	醤油	濃口しょうゆ
調味料	醤油	濃い口醤油
調味料	醤油	濃い口しょう油
調味料	醤油	濃い口しょうゆ
調味料	醤油	うすくち醤油
調味料	醤油	うすくちしょう油
調味料	醤油	うすくちしょうゆ
調味料	醤油	淡口醤油
調味料	醤油	淡口しょう油
調味料	醤油	淡口しょうゆ
調味料	醤油	薄口醤油
調味料	醤油	薄口しょう油
調味料	醤油	薄口しょうゆ
調味料	醤油	白醤油
調味料	醤油	白しょう油
調味料	醤油	白しょうゆ
調味料	醤油	さいしこみ醤油
調味料	醤油	さいしこみしょう油
調味料	醤油	さいしこみしょうゆ
調味料	醤油	再仕込み醤油
調味料	醤油	再仕込みしょう油
調味料	醤油	再仕込みしょうゆ
調味料	醤油	再仕込醤油
調味料	醤油	再仕込しょう油
調味料	醤油	再仕込しょうゆ
調味料	醤油	減塩醤油
調味料	醤油	減塩しょう油
調味料	醤油	減塩しょうゆ
調味料	醤油	うす塩醤油
調味料	醤油	うす塩しょう油
調味料	醤油	うす塩しょうゆ
調味料	醤油	昆布醤油
調味料	醤油	昆布しょう油
調味料	醤油	昆布しょうゆ
調味料	醤油	刺身醤油
調味料	醤油	刺身しょう油
調味料	醤油	刺身しょうゆ
調味料	醤油	だし醤油
調味料	醤油	出し醤油
調味料	醤油	だししょう油
調味料	醤油	だししょうゆ
調味料	醤油	土佐醤油
調味料	醤油	土佐しょう油
調味料	醤油	土佐しょうゆ
調味料	めんつゆ	めんつゆ
調味料	めんつゆ	麺つゆ
調味料	めんつゆ	麺ツユ
調味料	めんつゆ	麺露
調味料	めんつゆ	こんぶつゆ
調味料	めんつゆ	こんぶツユ
調味料	めんつゆ	昆布つゆ
調味料	めんつゆ	昆布ツユ
調味料	めんつゆ	かつおつゆ
調味料	めんつゆ	かつおツユ
調味料	めんつゆ	カツオつゆ
調味料	めんつゆ	カツオツユ
調味料	めんつゆ	鰹つゆ
調味料	めんつゆ	鰹ツユ
調味料	めんつゆ	そばつゆ
調味料	めんつゆ	そばツユ
調味料	めんつゆ	蕎麦つゆ
調味料	めんつゆ	蕎麦ツユ
調味料	めんつゆ	うどんつゆ
調味料	めんつゆ	うどんツユ
調味料	めんつゆ	だしつゆ
調味料	めんつゆ	だしツユ
調味料	めんつゆ	ダシつゆ
調味料	めんつゆ	ダシツユ
調味料	めんつゆ	出汁つゆ
調味料	めんつゆ	出汁ツユ
調味料	めんつゆ	万能つゆ
調味料	めんつゆ	万能ツユ
調味料	めんつゆ	つゆの素
調味料	めんつゆ	ツユの素
調味料	めんつゆ	つゆ
調味料	めんつゆ	ツユ
調味料	味噌	味噌
調味料	味噌	みそ
調味料	味噌	赤味噌
調味料	味噌	赤みそ
調味料	味噌	白味噌
調味料	味噌	白みそ
調味料	味噌	米味噌
調味料	味噌	米みそ
調味料	味噌	豆味噌
調味料	味噌	豆みそ
調味料	味噌	麦味噌
調味料	味噌	麦みそ
調味料	味噌	調合味噌
調味料	味噌	調合みそ
調味料	味噌	蘇鉄味噌
調味料	味噌	蘇鉄みそ
調味料	味噌	なり味噌
調味料	味噌	なりみそ
調味料	味噌	なりみす
調味料	味噌	金山寺味噌
調味料	味噌	金山寺みそ
調味料	味噌	唐辛子味噌
調味料	味噌	唐辛子みそ
調味料	味噌	南蛮味噌
調味料	味噌	南蛮みそ
調味料	味噌	豆板醤
調味料	味噌	豆瓣醤
調味料	味噌	トウバンジャン
調味料	味噌	ドウバンジャン
調味料	味噌	甜麺醤
調味料	味噌	テンメンジャン
調味料	味噌	ティェメンジャン
調味料	味噌	中華甘味噌
調味料	味噌	中華甘みそ
調味料	味噌	麺醤
調味料	味噌	コチュジャン
調味料	味噌	コチジャン
調味料	味噌	トウチジャン
調味料	味噌	XO醤
調味料	味噌	八丁味噌
調味料	味噌	八丁みそ
調味料	味噌	西京味噌
調味料	味噌	西京みそ
調味料	酒	酒
調味料	酒	お酒
調味料	酒	料理酒
調味料	酒	調理酒
調味料	酒	日本酒
調味料	酒	清酒
調味料	酒	紹興酒
調味料	酒	ホワイトリカー
調味料	ワイン	ワイン
調味料	ワイン	赤ワイン
調味料	ワイン	白ワイン
調味料	ワイン	ロゼワイン
調味料	ラム酒	ラム酒
調味料	ラム酒	ホワイトラム
調味料	ラム酒	ゴールドラム
調味料	ラム酒	ダークラム
調味料	ラム酒	ライトラム
調味料	ラム酒	ミディアムラム
調味料	ラム酒	ヘビーラム
調味料	みりん	みりん
調味料	みりん	味醂
調味料	みりん	ミリン
調味料	みりん	本みりん
調味料	みりん	本味醂
調味料	みりん	本ミリン
調味料	みりん	白みりん
調味料	みりん	白味醂
調味料	みりん	白ミリン
調味料	塩麹	塩麹
調味料	塩麹	塩こうじ
調味料	塩麹	しおこうじ
調味料	カレー粉	カレー粉
調味料	カレー粉	カレーパウダー
調味料	カレー粉	カレースパイス
調味料	カレー粉	カレールウ
調味料	カレー粉	カレールゥー
調味料	カレー粉	カレールー
調味料	きな粉	きな粉
調味料	きな粉	きなこ
調味料	きな粉	黄粉
調味料	きな粉	黄な粉
調味料	きな粉	青きな粉
調味料	きな粉	青きなこ
調味料	きな粉	青黄粉
調味料	きな粉	青黄な粉
調味料	きな粉	うぐいすきな粉
調味料	きな粉	うぐいすきなこ
調味料	きな粉	うぐいす黄粉
調味料	きな粉	うぐいす黄な粉
調味料	きな粉	うぐいす粉
調味料	ケチャップ	ケチャップ
調味料	ケチャップ	けちゃっぷ
調味料	ケチャップ	ケチップ
調味料	ケチャップ	ケッチャプ
調味料	ケチャップ	ケッチャップ
調味料	ケチャップ	トマトケチャップ
調味料	ケチャップ	とまとけちゃっぷ
調味料	ケチャップ	トマトケチップ
調味料	ケチャップ	トマトケッチャプ
調味料	ケチャップ	トマトケッチャップ
調味料	マヨネーズ	マヨネーズ
調味料	マヨネーズ	マヨ
調味料	マヨネーズ	マヨーネーズ
調味料	マスタード	マスタード
調味料	マスタード	マスタート
調味料	マスタード	洋がらし
調味料	マスタード	イエローマスタード
調味料	マスタード	ディジョンマスタード
調味料	マスタード	粒マスタード
調味料	マスタード	つぶマスタード
調味料	マスタード	ハニーマスタード
調味料	芥子	芥子
調味料	芥子	辛子
調味料	芥子	からし
調味料	芥子	カラシ
調味料	芥子	和がらし
調味料	芥子	ねりからし
調味料	芥子	ねりがらし
調味料	芥子	練芥子
調味料	芥子	練辛子
調味料	芥子	練からし
調味料	芥子	練がらし
調味料	芥子	練カラシ
調味料	芥子	練ガラシ
調味料	芥子	練り芥子
調味料	芥子	練り辛子
調味料	芥子	練りからし
調味料	芥子	練りがらし
調味料	芥子	練りカラシ
調味料	芥子	練りガラシ
調味料	ワサビ	ワサビ
調味料	ワサビ	わさび
調味料	ワサビ	山葵
調味料	ワサビ	ホースラディッシュ
調味料	ワサビ	セイヨウワサビ
調味料	ワサビ	西洋ワサビ
調味料	ワサビ	西洋わさび
調味料	ワサビ	西洋山葵
調味料	ワサビ	練りワサビ
調味料	ワサビ	練りわさび
調味料	ワサビ	練り山葵
調味料	ワサビ	本わさび
調味料	ワサビ	本ワサビ
調味料	ワサビ	本山葵
調味料	ウスターソース	ウスターソース
調味料	ウスターソース	ウスターシャソース
調味料	ウスターソース	ウースターソース
調味料	ウスターソース	中濃ソース
調味料	ウスターソース	中農ソース
調味料	ウスターソース	濃厚ソース
調味料	ウスターソース	とんかつソース
調味料	ウスターソース	トンカツソース
調味料	ウスターソース	お好みソース
調味料	ウスターソース	おこのみソース
調味料	ウスターソース	御好みソース
調味料	ウスターソース	お好み焼きソース
調味料	ウスターソース	お好み焼ソース
調味料	ウスターソース	お好みやきソース
調味料	ウスターソース	おこのみ焼きソース
調味料	ウスターソース	御好み焼ソース
調味料	ウスターソース	御好み焼きソース
調味料	ウスターソース	お好み焼き用ソース
調味料	ウスターソース	お好み焼用ソース
調味料	ウスターソース	お好みやき用ソース
調味料	ウスターソース	おこのみ焼き用ソース
調味料	ウスターソース	御好み焼用ソース
調味料	ウスターソース	御好み焼き用ソース
調味料	ウスターソース	やきそばソース
調味料	ウスターソース	焼きそばソース
調味料	ウスターソース	焼そばソース
調味料	ウスターソース	ヤキソバソース
調味料	ウスターソース	焼きソバソース
調味料	ウスターソース	焼き蕎麦ソース
調味料	ウスターソース	たこやきソース
調味料	ウスターソース	たこ焼きソース
調味料	ウスターソース	たこ焼ソース
調味料	ウスターソース	タコ焼きソース
調味料	ウスターソース	タコ焼ソース
調味料	ウスターソース	タコヤキソース
調味料	ウスターソース	蛸焼きソース
調味料	ウスターソース	蛸焼ソース
調味料	ウスターソース	どろソース
調味料	ウスターソース	こいくちソース
調味料	ウスターソース	おたふくソース
調味料	オイスターソース	オイスターソース
調味料	オイスターソース	オイスタ−ソ−ス
調味料	オイスターソース	牡蠣油
調味料	サルサソース	サルサソース
調味料	サルサソース	サルサ
調味料	タレ	タレ
調味料	タレ	たれ
調味料	タレ	垂れ
調味料	タレ	ダレ
調味料	タレ	だれ
調味料	タレ	つけダレ
調味料	タレ	つけだれ
調味料	タレ	付けダレ
調味料	タレ	付けだれ
調味料	タレ	漬けダレ
調味料	タレ	漬けだれ
調味料	だし	だし
調味料	だし	ダシ
調味料	だし	出汁
調味料	だし	だし汁
調味料	だし	ダシ汁
調味料	だし	出汁汁
調味料	だし	出し汁
調味料	だし	一番だし
調味料	だし	一番ダシ
調味料	だし	一番出汁
調味料	だし	二番だし
調味料	だし	二番ダシ
調味料	だし	二番出汁
調味料	だし	ほんだし
調味料	だし	ホンだし
調味料	だし	昆布だし
調味料	だし	昆布ダシ
調味料	だし	昆布出汁
調味料	だし	昆布茶
調味料	だし	こんぶだし
調味料	だし	こんぶダシ
調味料	だし	こんぶ出汁
調味料	だし	かつおだし
調味料	だし	かつおダシ
調味料	だし	かつお出汁
調味料	だし	かつお出し
調味料	だし	カツオだし
調味料	だし	カツオダシ
調味料	だし	カツオ出汁
調味料	だし	鰹だし
調味料	だし	鰹ダシ
調味料	だし	鰹出汁
調味料	だし	いりこだし
調味料	だし	いりこダシ
調味料	だし	いりこ出汁
調味料	だし	だしの素
調味料	だし	ダシの素
調味料	だし	出汁の素
調味料	だし	だしのもと
調味料	だし	ダシのもと
調味料	だし	出汁のもと
調味料	だし	うどんだし
調味料	だし	うどんダシ
調味料	だし	うどん出汁
調味料	だし	白だし
調味料	だし	白ダシ
調味料	だし	白出汁
調味料	だし	和風だし
調味料	だし	和風ダシ
調味料	だし	和風出汁
調味料	ブイヨン	ブイヨン
調味料	ブイヨン	ブイオン
調味料	ブイヨン	ブロス
調味料	ブイヨン	ブロード
調味料	ブイヨン	コンソメ
調味料	ブイヨン	洋風だし
調味料	ブイヨン	洋風ダシ
調味料	ブイヨン	洋風出汁
調味料	ブイヨン	野菜だし
調味料	ブイヨン	野菜ダシ
調味料	ブイヨン	野菜出汁
調味料	鶏がらスープの素	鶏がらスープの素
調味料	鶏がらスープの素	鶏ガラスープの素
調味料	鶏がらスープの素	鳥がらスープの素
調味料	鶏がらスープの素	鳥ガラスープの素
調味料	鶏がらスープの素	鶏がらスープのもと
調味料	鶏がらスープの素	鶏ガラスープのもと
調味料	鶏がらスープの素	鳥がらスープのもと
調味料	鶏がらスープの素	鳥ガラスープのもと
調味料	鶏がらスープの素	鶏ガラダシ
調味料	鶏がらスープの素	鶏がらスープ
調味料	鶏がらスープの素	鶏ガラスープ
調味料	鶏がらスープの素	鳥ガラスープ
調味料	鶏がらスープの素	鳥がらスープ
調味料	鶏がらスープの素	トリがらスープ
調味料	鶏がらスープの素	がらスープ
調味料	鶏がらスープの素	ガラスープ
調味料	鶏がらスープの素	顆粒鶏ガラ
調味料	鶏がらスープの素	顆粒鶏がら
調味料	鶏がらスープの素	顆粒鳥ガラ
調味料	鶏がらスープの素	顆粒鳥がら
調味料	鶏がらスープの素	がら顆粒
調味料	鶏がらスープの素	ガラ顆粒
調味料	鶏がらスープの素	チキンストック
調味料	鶏がらスープの素	帆立だし
調味料	鶏がらスープの素	帆立ダシ
調味料	鶏がらスープの素	帆立出汁
調味料	鶏がらスープの素	ホタテだし
調味料	鶏がらスープの素	ホタテダシ
調味料	鶏がらスープの素	ホタテ出汁
調味料	鶏がらスープの素	ほたてだし
調味料	鶏がらスープの素	ほたてダシ
調味料	鶏がらスープの素	ほたて出汁
調味料	鶏がらスープの素	中華だし
調味料	鶏がらスープの素	中華ダシ
調味料	鶏がらスープの素	中華出汁
調味料	鶏がらスープの素	中華スープの素
調味料	鶏がらスープの素	中華スープのもと
調味料	鶏がらスープの素	中華味ベース
調味料	鶏がらスープの素	中華顆粒出し
調味料	鶏がらスープの素	香味
調味料	鶏がらスープの素	シャンウェイ
調味料	鶏がらスープの素	味覇
調味料	鶏がらスープの素	ウエイパァー
調味料	鶏がらスープの素	ウェイパー
調味料	鶏がらスープの素	ウエイパー
調味料	鶏がらスープの素	ウェイバー
調味料	鶏がらスープの素	ウエイバー
調味料	鶏がらスープの素	ウエイーパー
調味料	鶏がらスープの素	ウェイパァ
調味料	鶏がらスープの素	ウエイファー
調味料	鶏がらスープの素	ウエーパー
調味料	かつお節	かつお節
調味料	かつお節	カツオ節
調味料	かつお節	鰹節
調味料	かつお節	かつおぶし
調味料	かつお節	カツオブシ
調味料	かつお節	花かつお
調味料	かつお節	花カツオ
調味料	かつお節	花鰹
調味料	かつお節	おかか
調味料	かつお節	オカカ
調味料	かつお節	削り節
調味料	ごま	ごま
調味料	ごま	胡麻
調味料	ごま	ゴマ
調味料	ごま	白ごま
調味料	ごま	白胡麻
調味料	ごま	白ゴマ
調味料	ごま	黒ごま
調味料	ごま	黒胡麻
調味料	ごま	黒ゴマ
調味料	ごま	金ごま
調味料	ごま	金胡麻
調味料	ごま	金ゴマ
調味料	油	油
調味料	油	脂
調味料	油	あぶら
調味料	油	アブラ
調味料	油	オイル
調味料	油	植物油
調味料	油	ひまし油
調味料	油	キャスターオイル
調味料	油	桐油
調味料	油	ナンヨウアブラギリ油
調味料	油	ヤトロファ油
調味料	油	烏臼油
調味料	油	亜麻仁油
調味料	油	フラックスシードオイル
調味料	油	リンシードオイル
調味料	油	サラダ油
調味料	油	サラダア油
調味料	油	サラ油
調味料	油	サラザ油
調味料	油	サラサ油
調味料	油	サラダオイル
調味料	油	白絞油
調味料	油	コーン油
調味料	油	コーンオイル
調味料	油	大豆油
調味料	油	ごま油
調味料	油	ゴマ油
調味料	油	胡麻油
調味料	油	セサミオイル
調味料	油	菜種油
調味料	油	なたね油
調味料	油	キャノーラ油
調味料	油	サフラワー油
調味料	油	ベニバナ油
調味料	油	ひまわり油
調味料	油	こめ油
調味料	油	糠油
調味料	油	パーム油
調味料	油	パーム核油
調味料	油	ヤシ油
調味料	油	コプラ油
調味料	油	綿実油
調味料	油	麻実油
調味料	油	ヘンプオイル
調味料	油	葡萄油
調味料	油	けし油
調味料	油	ポピーシードオイル
調味料	油	カラシ油
調味料	油	小麦胚芽油
調味料	油	月見草油
調味料	油	紫蘇油
調味料	油	荏油
調味料	油	榧油
調味料	油	杏仁油
調味料	油	アプリコット核油
調味料	油	アケビ油
調味料	油	アケビ種子油
調味料	油	山茶花油
調味料	油	茶梅油
調味料	油	茶油
調味料	油	胡桃油
調味料	油	白樺油
調味料	油	大風子油
調味料	油	巴豆油
調味料	油	肉荳蔲油
調味料	油	オリーブオイル
調味料	油	オリーブオイル
調味料	油	オリープオイル
調味料	油	オリーーブオイル
調味料	油	オリーブイル
調味料	油	オリーヴオイル
調味料	油	オリーブオイリ
調味料	油	アリーブオイル
調味料	油	EXVオリーブオイル
調味料	油	エキストラバージンオイル
調味料	油	エクストラバージンオイル
調味料	油	EXオリーブオイル
調味料	油	エキストラバージンオリーブオイル
調味料	油	オリーブ油
調味料	油	オーリブ油
調味料	油	EVオリーブ油
調味料	油	EVオリーブオイル
調味料	油	エクストラバージンオリーブオイル
調味料	油	バージンオイル
調味料	油	バージンオリーブ油
調味料	油	ピーナッツオイル
調味料	油	アーモンドオイル
調味料	油	アボカドオイル
調味料	油	ヘーゼルナッツオイル
調味料	油	グレープシードオイル
調味料	油	ローレルオイル
調味料	油	月桂樹実油
調味料	油	マカダミアナッツオイル
調味料	油	アルガンオイル
調味料	油	パンプキンシードオイル
調味料	油	ペカンナッツオイル
調味料	油	ピスタチオオイル
調味料	油	ホホバオイル
調味料	油	カカオバター
調味料	油	ボリジオイル
調味料	油	ルリジサ種子油
調味料	油	シアバター
調味料	油	ババスオイル
調味料	油	バオバブオイル
調味料	油	メロンシードオイル
調味料	油	マンゴバター
調味料	油	サルバター
調味料	油	コクムバター
調味料	油	メドウフォーム油
調味料	油	コーヒー豆油
調味料	油	マルーラナッツオイル
調味料	油	ブロッコリーシードオイル
調味料	油	モモ核油
調味料	油	チェリー核油
調味料	油	クランベリーシードオイル
調味料	油	ざくろの種油
調味料	油	ククイナッツオイル
調味料	油	ニーム油
調味料	油	マルゴーサ油
調味料	油	キウイフルーツシードオイル
調味料	油	ローズヒップオイル
調味料	油	シーバクソン
調味料	油	ウミクロウメモドキ種子油
調味料	油	モンゴンゴオイル
調味料	油	油瀝青油
調味料	油	チンク油
調味料	油	密陀油
調味料	油	木蝋
調味料	油	キャンデリラワックス
調味料	油	カルナウバワックス
調味料	油	精油
調味料	油	エッセンシャル・オイル
調味料	油	ラード
調味料	油	ヘット
調味料	油	牛脂
調味料	油	骨脂
調味料	油	骨油
調味料	油	魚油
調味料	油	鶏油
調味料	油	鶏脂
調味料	油	鴨油
調味料	油	鵞鳥油
調味料	油	蛹油
調味料	油	蟹油
調味料	油	馬油
調味料	油	ラノリン
調味料	油	ウールグリース
調味料	油	シュマルツ
調味料	油	エミューオイル
調味料	油	蘇油
調味料	油	酥油
調味料	油	ギー
調味料	油	ガマの油
調味料	油	馬油
調味料	油	鯨油
調味料	油	イルカ油
調味料	油	スクワラン
調味料	油	卵黄油
調味料	油	肝油
調味料	油	鮫油
調味料	油	牛脚油
調味料	油	蜜蝋
調味料	油	天ぷら油
調味料	油	揚げ油
調味料	油	揚油
調味料	油	葱油
調味料	油	米油
調味料	油	エビ油
調味料	油	にんにくオイル
調味料	油	マスタードオイル
調味料	油	白油
調味料	油	牛油
調味料	油	生姜油
調味料	油	バター
調味料	油	バタ−
調味料	油	バータ
調味料	油	バーター
調味料	油	パター
調味料	油	マーガリン
調味料	油	ショートニング
調味料	油	シュートニング
調味料	油	ファットスプレッド
調味料	ラー油	ラー油
調味料	ラー油	辣油
調味料	オレガノ	オレガノ
調味料	オレガノ	おれがの
調味料	ナツメグ	ナツメグ
調味料	ナツメグ	なつめぐ
調味料	ナツメグ	ニクズク
調味料	ナツメグ	肉荳蔲
調味料	ローリエ	ローリエ
調味料	ローリエ	ローレル
調味料	ローリエ	ロリエ
調味料	ローリエ	ベイリーフ
調味料	ローリエ	ベイリーブズ
調味料	ローリエ	ゲッケイジュ
調味料	ローリエ	月桂樹
調味料	ローリエ	ロールベールブレッター
調味料	パセリ	パセリ
調味料	パセリ	バジル
調味料	パセリ	バジリコ
調味料	パセリ	メボウキ
調味料	八角	八角
調味料	八角	スターアニス
調味料	八角	八角茴香
調味料	八角	大茴香
調味料	山椒	山椒
調味料	山椒	さんしょう
調味料	山椒	サンショウ
調味料	山椒	ハジカミ
調味料	花椒	花椒
調味料	花椒	ホアジャオ
調味料	花椒	ホワジャオ
調味料	シナモン	シナモン
調味料	シナモン	しなもん
調味料	シナモン	ニッキ
調味料	シナモン	にっき
調味料	バニラ	バニラ
調味料	バニラ	バニラビーンズ
調味料	バニラ	バニラエッセンス
調味料	バニラ	バニラーエッセンス
調味料	バニラ	バニラオイル
調味料	バニラ	バニラ油
調味料	バニラ	バニラエキストラクト
調味料	バニラ	バニラエクストラクト
調味料	粉末ミルク	粉末ミルク
調味料	粉末ミルク	粉ミルク
調味料	粉末ミルク	こなミルク
調味料	粉末ミルク	脱脂粉乳
調味料	粉末ミルク	粉乳
調味料	粉末ミルク	ふんにゅう
調味料	粉末ミルク	スキムミルク
調味料	粉末ミルク	ミルメーク
調味料	粉末ミルク	クリープ
調味料	粉末ミルク	クリーミングパウダー
調味料	コーヒー豆	コーヒー豆
調味料	コーヒー豆	コーヒー
調味料	コーヒー豆	コーヒ
調味料	コーヒー豆	珈琲
調味料	コーヒー豆	ブルーマウンテン
調味料	コーヒー豆	コナ
調味料	コーヒー豆	キリマンジャロ
調味料	コーヒー豆	モカ
調味料	コーヒー豆	グアテマラ
調味料	コーヒー豆	コスタリカ
調味料	コーヒー豆	カフェオレ
調味料	コーヒー豆	エスプレッソ
調味料	コーヒー豆	カフェラテ
調味料	紅茶	紅茶
調味料	紅茶	アッサム
調味料	紅茶	ダージリン
調味料	紅茶	ダージリンティー
調味料	紅茶	ウバ
調味料	紅茶	滇紅
調味料	紅茶	祁門
調味料	紅茶	正山小種
調味料	紅茶	ネパール
調味料	紅茶	ニルギリ
調味料	紅茶	シレット
調味料	紅茶	チャイ
調味料	紅茶	セイロンティー
調味料	紅茶	アイスティー
調味料	紅茶	アイスティ
調味料	紅茶	ストレートティー
調味料	紅茶	ストレートティ
調味料	紅茶	レモンティ
調味料	紅茶	タイティー
調味料	紅茶	ピーチアプリコット
調味料	紅茶	アールグレー
調味料	紅茶	TP
調味料	紅茶	ティーパッグ
調味料	紅茶	ティーバック
調味料	紅茶	ティーバッグ
調味料	紅茶	ティーパック
調味料	紅茶	ハーブティー
調味料	紅茶	ルイボスティー
調味料	紅茶	アップルティー
調味料	紅茶	ローズヒップティー
調味料	紅茶	アップルティ
調味料	紅茶	ハイビスカスティー
調味料	紅茶	カモミールティー
調味料	紅茶	ミントティ
調味料	紅茶	カモミールティ
調味料	紅茶	ミントティー
調味料	紅茶	ジャワティー
調味料	紅茶	チャイティー
調味料	紅茶	アールグレイティー
調味料	紅茶	ローゼルティー
調味料	紅茶	ストロベリーティ
調味料	ココア	ココア
調味料	ココア	ミロ
調味料	ココア	カカオパウダー
調味料	抹茶	抹茶
調味料	抹茶	お抹茶
調味料	抹茶	まっちゃ
調味料	抹茶	グリーンティ
調味料	抹茶	グリーンティー
調味料	抹茶	緑茶
調味料	抹茶	りょくちゃ
調味料	カラメル	カラメル
調味料	カラメル	カラメルソース
調味料	カラメル	カラメルシロップ
調味料	カラメル	キャラメルソース
調味料	カラメル	キャラメルシロップ
調味料	レモン汁	レモン汁
調味料	レモン汁	れもん汁
調味料	レモン汁	檸檬汁
調味料	レモン汁	レモンの汁
調味料	レモン汁	れもんの汁
調味料	レモン汁	檸檬の汁
調味料	レモン汁	レモン果汁
調味料	レモン汁	れもん果汁
調味料	レモン汁	檸檬果汁
調味料	レモン汁	濃縮レモン
調味料	レモン汁	濃縮れもん
調味料	レモン汁	濃縮檸檬
調味料	レモン汁	ポッカレモン
調味料	レモン汁	ポッカれもん
調味料	レモン汁	ポッカ檸檬
調理器具	包丁	包丁
調理器具	包丁	出刃包丁
調理器具	包丁	庖丁
調理器具	包丁	ほうちょう
調理器具	包丁	ナイフ
調理器具	包丁	パンナイフ
調理器具	包丁	果物ナイフ
調理器具	包丁	ペティナイフ
調理器具	包丁	パン用ナイフ
調理器具	包丁	フルーツナイフ
調理器具	包丁	パン切りナイフ
調理器具	包丁	パンきりナイフ
調理器具	包丁	卵カッター
調理器具	包丁	パイカッター
調理器具	包丁	ピザカッター
調理器具	包丁	野菜カッター
調理器具	包丁	エッグカッター
調理器具	包丁	ピザ用カッター
調理器具	包丁	スライスカッター
調理器具	包丁	スライサー
調理器具	包丁	スラーサー
調理器具	包丁	エッグスライサー
調理器具	包丁	細切りスライサー
調理器具	包丁	千切りスライサー
調理器具	包丁	千切り用スライサー
調理器具	まな板	まな板
調理器具	まな板	板
調理器具	キッチンバサミ	キッチンバサミ
調理器具	キッチンバサミ	キッチンハサミ
調理器具	キッチンバサミ	キッチンはさみ
調理器具	キッチンバサミ	キッチン鋏
調理器具	キッチンバサミ	調理バサミ
調理器具	キッチンバサミ	調理ハサミ
調理器具	キッチンバサミ	調理はさみ
調理器具	キッチンバサミ	料理バサミ
調理器具	キッチンバサミ	料理ハサミ
調理器具	キッチンバサミ	料理はさみ
調理器具	キッチンバサミ	はさみ
調理器具	ピーラー	ピーラー
調理器具	ピーラー	ピ−ラ−
調理器具	ピーラー	ピーラー
調理器具	ピーラー	ピーらー
調理器具	ピーラー	ぴーらー
調理器具	ピーラー	細切りピーラー
調理器具	ピーラー	千切りピーラー
調理器具	ピーラー	ピラー
調理器具	ピーラー	ピーラ
調理器具	ピーラー	ビーラー
調理器具	ピーラー	ピューラー
調理器具	ピーラー	トマトピューラー
調理器具	ピーラー	トマト用ピューラー
調理器具	ピーラー	ビューラー
調理器具	ピーラー	ピュ−ラー
調理器具	ピーラー	ピューラ
調理器具	ピーラー	ティーラー
調理器具	ピーラー	皮むき器
調理器具	ピーラー	皮むき機
調理器具	ピーラー	皮むき気
調理器具	ピーラー	皮剥きき
調理器具	ピーラー	皮むきキ器
調理器具	麺棒	麺棒
調理器具	麺棒	めん棒
調理器具	麺棒	綿棒
調理器具	麺棒	めんぼう
調理器具	麺棒	メン棒
調理器具	麺棒	面棒
調理器具	麺棒	麺ぼう
調理器具	麺棒	のし棒
調理器具	麺棒	棒
調理器具	麺棒	面貌
調理器具	麺棒	木棒
調理器具	麺棒	のしぼう
調理器具	すり鉢	すり鉢
調理器具	すり鉢	すりばち
調理器具	すり鉢	あたり鉢
調理器具	すり鉢	当たり鉢
調理器具	すりこぎ棒	すりこぎ棒
調理器具	すりこぎ棒	すりこぎ
調理器具	すりこぎ棒	スリコギ
調理器具	すりこぎ棒	すりこ木
調理器具	すりこぎ棒	すり棒
調理器具	すりこぎ棒	スリ棒
調理器具	すりこぎ棒	すり鉢棒
調理器具	すりこぎ棒	つぶし棒
調理器具	ミキサー	ミキサー
調理器具	ミキサー	伝動ミキサー
調理器具	ミキサー	ハンドミキサー
調理器具	ミキサー	ハンドミキサー
調理器具	ミキサー	ハンディミキサー
調理器具	ミキサー	マルチミキサー
調理器具	ミキサー	ミルミキサー
調理器具	ミキサー	スティックミキサー
調理器具	ミキサー	フードプロセッサー
調理器具	ミキサー	フードぷろせっさー
調理器具	ミキサー	フードプロセッサ
調理器具	ミキサー	フードプロッセサー
調理器具	ミキサー	フードプロッセッサー
調理器具	ミキサー	フードフーロセッサー
調理器具	ミキサー	フードプレッサー
調理器具	ミキサー	フープロ
調理器具	ミキサー	ＦＰ
調理器具	ミキサー	FP
調理器具	ミキサー	ハンディプロセッサー
調理器具	ミキサー	プロセッサー
調理器具	ミキサー	ハンドブレンダー
調理器具	ミキサー	ハンディーブレンダー
調理器具	ミキサー	マルチブレンダー
調理器具	ミキサー	ブレンダー
調理器具	ミキサー	マジックブレット
調理器具	ミキサー	バーミックス
調理器具	ミキサー	フードミル
調理器具	ミキサー	ミル
調理器具	ミキサー	ミルサー
調理器具	ミキサー	マルチクイック
調理器具	泡だて器	泡だて器
調理器具	泡だて器	泡たて器
調理器具	泡だて器	泡立て器
調理器具	泡だて器	泡立器
調理器具	泡だて器	あわ立て器
調理器具	マッシャー	マッシャー
調理器具	マッシャー	マッシャ−
調理器具	マッシャー	マッシャ-
調理器具	マッシャー	マーシャー
調理器具	マッシャー	マッシャ
調理器具	マッシャー	ポテトマッシャー
調理器具	計量器	計量器
調理器具	計量器	量り
調理器具	計量器	秤
調理器具	計量器	計り
調理器具	計量器	計量計
調理器具	計量器	軽量計
調理器具	計量器	デジタルスケール
調理器具	計量器	キッチンスケール
調理器具	計量カップ	計量カップ
調理器具	計量カップ	軽量カップ
調理器具	計量カップ	カップ
調理器具	蓋	蓋
調理器具	蓋	ふた
調理器具	蓋	フタ
調理器具	落し蓋	落し蓋
調理器具	落し蓋	落とし蓋
調理器具	落し蓋	落としぶた
調理器具	落し蓋	落としブタ
調理器具	鍋	鍋
調理器具	鍋	ナベ
調理器具	鍋	小鍋
調理器具	鍋	なべ
調理器具	鍋	手鍋
調理器具	鍋	中華なべ
調理器具	鍋	おなべ
調理器具	鍋	中華鍋
調理器具	鍋	中華なべ
調理器具	鍋	お鍋
調理器具	鍋	タジン鍋
調理器具	鍋	圧力なべ
調理器具	鍋	土鍋
調理器具	鍋	タジン
調理器具	鍋	平鍋
調理器具	鍋	圧力鍋
調理器具	鍋	すき焼き鍋
調理器具	鍋	パスタ鍋
調理器具	鍋	活力鍋
調理器具	鍋	煮込み鍋
調理器具	鍋	テフロン鍋
調理器具	鍋	厚手鍋
調理器具	鍋	保温鍋
調理器具	鍋	ホーロー鍋
調理器具	鍋	ホウロウ鍋
調理器具	鍋	無水鍋
調理器具	鍋	カレー鍋
調理器具	鍋	調理鍋
調理器具	鍋	親子鍋
調理器具	鍋	ストウブ鍋
調理器具	鍋	鉄鍋
調理器具	鍋	天ぷら鍋
調理器具	鍋	シリコンスチーム鍋
調理器具	鍋	シリコン鍋
調理器具	鍋	スープ鍋
調理器具	鍋	揚げ物鍋
調理器具	鍋	ステン無水鍋
調理器具	鍋	ミルクパン
調理器具	鍋	ソースパン
調理器具	炊飯器	炊飯器
調理器具	炊飯器	炊飯機
調理器具	炊飯器	炊飯釜
調理器具	炊飯器	ジャー
調理器具	炊飯器	炊飯ジャー
調理器具	炊飯器	釜
調理器具	炊飯器	内釜
調理器具	バット	バット
調理器具	バット	バッド
調理器具	バット	パッド
調理器具	バット	調理バット
調理器具	バット	アルミバット
調理器具	バット	水切りバット
調理器具	バット	料理用バット
調理器具	バット	ホーローバット
調理器具	バット	キッチンバット
調理器具	バット	オーブンバッド
調理器具	バット	オーブンパッド
調理器具	バット	ステンレスバット
調理器具	バット	天板
調理器具	バット	天版
調理器具	バット	天パン
調理器具	バット	テンパン
調理器具	バット	鉄板
調理器具	バット	トレイ
調理器具	バット	耐熱トレイ
調理器具	バット	オーブントレー
調理器具	バット	オーブン皿
調理器具	バット	オーブン用角皿
調理器具	バット	ターンテーブル
調理器具	ホイル	ホイル
調理器具	ホイル	アルミホイル
調理器具	ホイル	アルミ箔
調理器具	ホイル	あるみ箔
調理器具	ホイル	アルミフォイル
調理器具	ホイル	アルミ
調理器具	ホイル	アルミホイール
調理器具	ホイル	アルミハク
調理器具	ホイル	フォイル
調理器具	ホイル	銀紙
調理器具	ホイル	クッキングホイル
調理器具	クッキングシート	クッキングシート
調理器具	クッキングシート	オーブンシート
調理器具	クッキングシート	オーブンペーパー
調理器具	クッキングシート	ベーキングシート
調理器具	クッキングシート	オーブン用シート
調理器具	クッキングシート	ベーキングペーパー
調理器具	クッキングシート	レンジシート
調理器具	クッキングシート	クッキングーシト
調理器具	クッキングシート	クッキングーシト
調理器具	クッキングシート	ベーキング・シート
調理器具	クッキングシート	バーキングペーパー
調理器具	クッキングシート	オーブンマット
調理器具	クッキングシート	ベーキングペパー
調理器具	クッキングシート	オ-ブンペーパー
調理器具	クッキングシート	ベイキングシート
調理器具	クッキングシート	オーブンベーパー
調理器具	クッキングシート	オーフンシート
調理器具	クッキングシート	クックシート
調理器具	クッキングシート	ベイキングペーパー
調理器具	クッキングシート	オーブンパーパー
調理器具	クッキングシート	ケーキ用ペーパー
調理器具	クッキングシート	オーブンぺーパー
調理器具	クッキングシート	オーブン用クッキングペーパー
調理器具	クッキングシート	オーブンペーパ−
調理器具	クッキングシート	クッキグシート
調理器具	クッキングシート	焼き魚シート
調理器具	クッキングシート	クックパー
調理器具	クッキングシート	オープンシート
調理器具	クッキングシート	敷紙
調理器具	クッキングシート	オーブン用ペーパー
調理器具	クッキングシート	クッキーングシート
調理器具	クッキングシート	パーチメントペーパー
調理器具	クッキングシート	ワックスペーパー
調理器具	クッキングシート	オープンペーパー
調理器具	クッキングシート	クキングシート
調理器具	クッキングシート	クッキーグシート
調理器具	クッキングシート	クッキングシト
調理器具	クッキングシート	シリコンペーパー
調理器具	クッキングシート	クッキンシート
調理器具	オーブン	オーブン
調理器具	オーブン	オープン
調理器具	オーブン	オーブン
調理器具	スチームオーブン	スチームオーブン
調理器具	グリル	グリル
調理器具	グリル	魚焼グリル
調理器具	グリル	魚焼き器
調理器具	グリル	魚焼きグリル
調理器具	グリル	魚グリル
調理器具	グリル	ロースター
調理器具	グリル	フィッシュロースター
調理器具	焼網	焼網
調理器具	焼網	網
調理器具	焼網	焼き網
調理器具	トースター	トースター
調理器具	トースター	オーブントースタ
調理器具	トースター	オープントースター
調理器具	くし	くし
調理器具	くし	串
調理器具	くし	クシ
調理器具	くし	櫛
調理器具	くし	丈串
調理器具	くし	クシ
調理器具	くし	竹串
調理器具	くし	ようじ
調理器具	くし	つま楊枝
調理器具	くし	竹くし
調理器具	くし	金串
調理器具	くし	たけ串
調理器具	くし	スティック
調理器具	くし	タケ串
調理器具	くし	楊子
調理器具	くし	つまよう枝
調理器具	くし	楊枝
調理器具	くし	爪楊枝
調理器具	くし	たけぐし
調理器具	ホームベーカリー	ホームベーカリー
調理器具	ホームベーカリー	パンケース
調理器具	ホームベーカリー	ＨＢ
調理器具	ホームベーカリー	HB
調理器具	コンロ	コンロ
調理器具	コンロ	ガスコンロ
調理器具	コンロ	ガス火
調理器具	コンロ	カセットコンロ
調理器具	コンロ	ガス台
調理器具	ライター	ライター
調理器具	ライター	バーナー
調理器具	ライター	ガスバーナー
調理器具	ライター	バナー
調理器具	ライター	チャッカマン
調理器具	ライター	ハンドバーナー
調理器具	フライパン	フライパン
調理器具	フライパン	フライパン
調理器具	フライパン	テフロンフライパン
調理器具	フライパン	玉子焼き用フライパン
調理器具	フライパン	玉子焼きフライパン
調理器具	フライパン	卵焼き用フライパン
調理器具	フライパン	卵焼きフライパン
調理器具	フライパン	角型フライパン
調理器具	フライパン	ミニフライパン
調理器具	フライパン	鉄フライパン
調理器具	フライパン	フライイパン
調理器具	フライパン	フライパンン
調理器具	フライパン	フラインパン
調理器具	フライパン	フパイパン
調理器具	フライパン	フライバン
調理器具	フライパン	フランパン
調理器具	フライパン	フラウパン
調理器具	フライパン	プライパン
調理器具	フライパン	フレイパン
調理器具	フライパン	フラパン
調理器具	フライパン	玉子焼き器
調理器具	フライパン	玉子焼き機
調理器具	フライパン	卵焼き器
調理器具	フライパン	卵焼き機
調理器具	フライパン	卵焼きパン
調理器具	フライパン	エッグパン
調理器具	フライパン	たこ焼きプレート
調理器具	フライパン	たこ焼器
調理器具	フライパン	たこ焼き器
調理器具	フライパン	たこ焼き機
調理器具	フライパン	タコ焼き器
調理器具	フライパン	タコ焼き機
調理器具	フライパン	グリルパン
調理器具	フライパン	ヒートパン
調理器具	フライパン	ホットサンドメーカー
調理器具	フライパン	プレート
調理器具	フライパン	ホットプレート
調理器具	フライパン	ワッフルメーカー
調理器具	フライパン	ワッフルプレート
調理器具	フライパン	モッフルメーカー
調理器具	フライパン	オーブンプレート
調理器具	フライパン	鉄板
調理器具	フライ返し	フライ返し
調理器具	フライ返し	フライパン返し
調理器具	フライ返し	コテ
調理器具	フライ返し	テコ
調理器具	蒸し器	蒸し器
調理器具	蒸し器	蒸し機
調理器具	蒸し器	蒸しき
調理器具	蒸し器	むし器
調理器具	蒸し器	むしき
調理器具	蒸し器	ムシキ
調理器具	蒸し器	ムシキ
調理器具	蒸し器	蒸器
調理器具	蒸し器	蒸機
調理器具	お玉	お玉
調理器具	お玉	おたま
調理器具	お玉	オタマ
調理器具	お玉	穴お玉
調理器具	お玉	たま
調理器具	お玉	木杓子
調理器具	お玉	杓子
調理器具	お玉	網杓子
調理器具	お玉	レードル
調理器具	電気ポット	電気ポット
調理器具	電気ポット	電気ケトル
調理器具	電気ポット	電機ケトル
調理器具	電気ポット	ケトル
調理器具	電気ポット	やかん
調理器具	電気ポット	ヤカン
調理器具	ザル	ザル
調理器具	ザル	ザル
調理器具	ザル	ざる
調理器具	布巾	布巾
調理器具	布巾	布きん
調理器具	布巾	ふきん
調理器具	布巾	フキン
調理器具	布巾	ブキン
調理器具	布巾	タオル
調理器具	布巾	布
調理器具	布巾	濡れ布巾
調理器具	布巾	濡れ付近
調理器具	布巾	水布巾
調理器具	キッチンペーパー	キッチンペーパー
調理器具	キッチンペーパー	キッチンペーパ-
調理器具	キッチンペーパー	キッチンペーバー
調理器具	キッチンペーパー	キッチンペーパ
調理器具	キッチンペーパー	キッチンペーペー
調理器具	キッチンペーパー	キッチンパーパー
調理器具	キッチンペーパー	キッチンペパー
調理器具	キッチンペーパー	キッチンタオル
調理器具	キッチンペーパー	ペーパータオル
調理器具	キッチンペーパー	ペーパータォル
調理器具	キッチンペーパー	ベーパータオル
調理器具	キッチンペーパー	ペーパタオル
調理器具	キッチンペーパー	紙タオル
調理器具	キッチンペーパー	タオルペーパー
調理器具	キッチンペーパー	クッキングタオル
調理器具	キッチンペーパー	クッキングペーパー
調理器具	キッチンペーパー	クッキングパーパー
調理器具	キッチンペーパー	クッキングペーペー
調理器具	キッチンペーパー	クッキングペーパ
調理器具	キッチンペーパー	クッキングペパー
調理器具	キッチンペーパー	クッキーグペーパー
調理器具	キッチンペーパー	クックングペーパー
調理器具	キッチンペーパー	クッキンペーパー
調理器具	キッチンペーパー	クキングペイパー
調理器具	キッチンペーパー	リードペーパー
調理器具	キッチンペーパー	ペーパー
調理器具	キッチンペーパー	ペーパ
調理器具	キッチンペーパー	ペーパーナプキン
調理器具	キッチンペーパー	ペーハーナプキン
調理器具	キッチンペーパー	天ぷら敷き紙
調理器具	キッチンペーパー	天ぷら敷紙
調理器具	キッチンペーパー	天ぷら紙
調理器具	キッチンペーパー	ティッシュ
調理器具	キッチンペーパー	ティッシュペーパー
調理器具	キッチンペーパー	キッチン紙
調理器具	キッチンペーパー	ガーゼ
調理器具	電子レンジ	電子レンジ
調理器具	電子レンジ	レンジ
調理器具	こし器	こし器
調理器具	こし器	コシ器
調理器具	こし器	こしき
調理器具	こし器	コシキ
調理器具	こし器	漉器
調理器具	こし器	裏ごし器
調理器具	こし器	茶こし
調理器具	こし器	茶漉し
調理器具	こし器	茶こし器
調理器具	こし器	ストレーナ
調理器具	こし器	ストレーナー
調理器具	ヘラ	ヘラ
調理器具	ヘラ	へら
調理器具	ヘラ	木べら
調理器具	ヘラ	木ベラ
調理器具	ヘラ	竹ベラ
調理器具	ヘラ	竹べら
調理器具	ヘラ	ゴムベラ
調理器具	ヘラ	ゴムヘラ
調理器具	ヘラ	ゴムべら
調理器具	ヘラ	コムべら
調理器具	ヘラ	スパチュラ
調理器具	ヘラ	スパチュラー
調理器具	ヘラ	ミニスパチュラ
調理器具	ヘラ	ラバースパチュラ
調理器具	ヘラ	しゃもじ
調理器具	ヘラ	シャモジ
調理器具	ヘラ	杓文字
調理器具	刷毛	刷毛
調理器具	刷毛	ハケ
調理器具	刷毛	はけ
調理器具	菜箸	菜箸
調理器具	菜箸	菜ばし
調理器具	菜箸	さい箸
調理器具	菜箸	割箸
調理器具	菜箸	割り箸
調理器具	菜箸	わり箸
調理器具	菜箸	お箸
調理器具	菜箸	おはし
調理器具	菜箸	箸
調理器具	菜箸	はし
調理器具	巻きす	巻きす
調理器具	巻きす	巻き簾
調理器具	巻きす	巻き簀
調理器具	巻きす	巻す
調理器具	巻きす	巻きすだれ
調理器具	巻きす	まきす
調理器具	巻きす	マキス
調理器具	巻きす	鬼簾
調理器具	巻きす	鬼すだれ
調理器具	ボウル	ボウル
調理器具	ボウル	ボゥル
調理器具	ボウル	耐熱ボウル
調理器具	ボウル	ステンレスボウル
調理器具	ボウル	耐熱ボール
調理器具	ボウル	ボール
調理器具	ボウル	サラダボール
調理器具	ボウル	サラダボウル
調理器具	ボウル	調理用ボウル
調理器具	ボウル	カフェオレボウル
調理器具	ビニール袋	ビニール袋
調理器具	ビニール袋	ビニール
調理器具	ビニール袋	ナイロン袋
調理器具	ビニール袋	ポリ袋
調理器具	ビニール袋	ビニル袋
調理器具	ラップ	ラップ
調理器具	ラップ	サランラップ
調理器具	器	器
調理器具	器	うつわ
調理器具	器	食器
調理器具	器	耐熱食器
調理器具	器	容器
調理器具	器	よう器
調理器具	器	角容器
調理器具	器	保存容器
調理器具	器	耐熱容器
調理器具	器	密閉容器
調理器具	器	漬物容器
調理器具	器	密封容器
調理器具	器	ココット容器
調理器具	器	冷凍保存容器
調理器具	器	皿
調理器具	器	さら
調理器具	器	お皿
調理器具	器	平皿
調理器具	器	角皿
調理器具	器	大皿
調理器具	器	小皿
調理器具	器	きり皿
調理器具	器	耐熱皿
調理器具	器	パイ皿
調理器具	器	パスタ皿
調理器具	器	サラダ皿
調理器具	器	スープ皿
調理器具	器	カレー皿
調理器具	器	ココット皿
調理器具	器	グラタン皿
調理器具	器	茶碗蒸し皿
調理器具	器	型
調理器具	器	紙型
調理器具	器	型枠
調理器具	器	耐熱型
調理器具	器	寒天型
調理器具	器	焼き型
調理器具	器	デコ型
調理器具	器	アルミ型
調理器具	器	タルト型
調理器具	器	プリン型
調理器具	器	ケーキ型
調理器具	器	ゼリー型
調理器具	器	ようかん型
調理器具	器	パウンド型
調理器具	器	シフォン型
調理器具	器	マフィン型
調理器具	器	ココット型
調理器具	器	シリコン型
調理器具	器	パウンド形
調理器具	器	バウンド型
調理器具	器	牛乳パック型
調理器具	器	耐熱プリン型
調理器具	器	ステンレス型
調理器具	器	マドレーヌ型
調理器具	器	カップケーキ型
調理器具	器	焼きドーナツ型
調理器具	器	フィネンシェ型
調理器具	器	プチマフィン型
調理器具	器	シフォンケーキ型
調理器具	器	パウンドケーキ型
調理器具	器	ベイクドーナツ型
調理器具	器	シリコンドーナツ型
調理器具	器	アイスキャンディー型
調理器具	器	鉢
調理器具	器	小鉢
調理器具	器	丼鉢
調理器具	器	ラーメン鉢
調理器具	器	どんぶり鉢
調理器具	器	おわん
調理器具	器	汁椀
調理器具	器	茶碗
調理器具	器	茶わん
調理器具	器	お茶椀
調理器具	器	丼茶碗
調理器具	器	どんぶり茶碗
調理器具	器	丼ぶり
調理器具	器	紙カップ
調理器具	器	耐熱カップ
調理器具	器	アルミカップ
調理器具	器	プリンカップ
調理器具	器	ゼリーカップ
調理器具	器	スープカップ
調理器具	器	ティーカップ
調理器具	器	シリコンカップ
調理器具	器	デミタスカップ
調理器具	器	マフィンカップ
調理器具	器	コーヒーカップ
調理器具	器	耐熱マグカップ
調理器具	器	スープ用マグカップ
調理器具	器	耐熱シリコンマフィンカップ
調理器具	器	グラス
調理器具	器	耐熱グラス
調理器具	器	大型グラス
調理器具	器	ワイングラス
調理器具	器	ホットグラス
調理器具	器	耐熱用グラス
調理器具	器	カクテルグラス
調理器具	器	ショートグラス
調理器具	器	湯呑
調理器具	器	湯呑み
調理器具	器	湯飲み
調理器具	器	湯のみ
調理器具	器	コップ
調理器具	器	紙コップ
調理器具	器	ガラスコップ
調理器具	器	瓶
調理器具	器	小瓶
調理器具	器	ビン
調理器具	器	牛乳瓶
調理器具	器	保存瓶
調理器具	器	空き瓶
調理器具	器	保存ビン
調理器具	器	ガラス瓶
調理器具	器	空きびん
調理器具	器	タッパ
調理器具	器	タッパー
調理器具	器	耐熱タッパー
調理器具	器	スチーマ
調理器具	器	シリコンスチーマー
調理器具	器	マグ
調理器具	器	弁当箱
調理器具	器	入れ物
調理器具	器	どんぶり
調理器具	器	ココット
調理器具	器	耐熱ボトル
調理器具	器	ポット
調理器具	器	コーヒーポット
調理器具	器	ティーポット
調理器具	器	耐熱ポット
調理器具	器	冷却ポット
調理器具	器	紅茶ポット
調理器具	スプーン	スプーン
調理器具	スプーン	スプ−ン
調理器具	スプーン	スピーン
調理器具	スプーン	スープン
調理器具	スプーン	スプン
調理器具	スプーン	スープーン
調理器具	フォーク	フォーク
調理器具	フォーク	フォ−ク
調理器具	フォーク	フオーク
調理器具	フォーク	ホーク
動作	さらす	さらす
動作	さらす	晒す
動作	さらす	曝す
動作	漬ける	漬ける
動作	漬ける	浸ける
動作	漬ける	つける
動作	漬ける	浸す
動作	漬ける	ひたす
動作	漬ける	漬込む
動作	漬ける	漬け込む
動作	漬ける	漬けこむ
動作	漬ける	付け込む
動作	漬ける	つけ込む
動作	漬ける	つけこむ
動作	漬ける	漬かる
動作	漬ける	つかる
動作	漬ける	浸かる
動作	漬ける	浸る
動作	漬ける	つからせる
動作	漬ける	つけだす
動作	漬ける	さらす
動作	整える	整える
動作	整える	調える
動作	整える	ととのえる
動作	整える	整う
動作	整える	調う
動作	整える	ととのう
動作	整える	整え直す
動作	切る	切る
動作	切る	きる
動作	切る	切り揃える
動作	切る	切りそろえる
動作	切る	切り落す
動作	切る	切り落とす
動作	切る	きりおとす
動作	切る	切り取る
動作	切る	切りとる
動作	切る	きりとる
動作	切る	切り込む
動作	切る	きりこむ
動作	切る	切り付ける
動作	切る	切り離す
動作	切る	切り出す
動作	切る	切り合う
動作	切る	切り刻む
動作	切る	切りはずす
動作	切る	切れる
動作	切る	きれる
動作	切る	刻む
動作	切る	きざむ
動作	切る	契る
動作	切る	ちぎる
動作	切る	引きちぎる
動作	切る	ひきちぎる
動作	切る	ちぎれる
動作	切る	裂く
動作	切る	裂ける
動作	切る	さける
動作	切る	割く
動作	切る	さく
動作	切る	引き裂く
動作	切る	ひきさく
動作	切る	カットする
動作	切る	スライスする
動作	入れる	入れる
動作	入れる	いれる
動作	入れる	加える
動作	入れる	くわえる
動作	入れる	足す
動作	入れる	たす
動作	入れる	回し入れる
動作	入れる	まわしいれる
動作	入れる	回しかける
動作	入れる	まわしかける
動作	入れる	放り込む
動作	入れる	ほうり込む
動作	入れる	ぶち込む
動作	入れる	ぶちこむ
動作	入れる	割り入れる
動作	入れる	ふり入れる
動作	入れる	追加する
動作	入れる	つっこむ
動作	入れる	入る
動作	入れる	はいる
動作	入れる	加わる
動作	入れる	くわわる
動作	取る	取る
動作	取る	とる
動作	取る	除く
動作	取る	のぞく
動作	取る	取り除く
動作	取る	とり除く
動作	取る	とりのぞく
動作	取る	取り除ける
動作	取る	取り落す
動作	取る	取り去る
動作	取る	取れる
動作	取る	とれる
動作	もどす	もどす
動作	もどす	戻す
動作	もどす	もどる
動作	もどす	戻る
動作	とじる	とじる
動作	とじる	閉じる
動作	とじる	綴じる
動作	落とす	落とす
動作	落とす	落す
動作	落とす	おとす
動作	落とす	落とせる
動作	落とす	おとせる
動作	落とす	落つ
動作	落とす	落ちる
動作	落とす	おちる
動作	消す	消す
動作	消す	けす
動作	消す	止める
動作	消す	止る
動作	消す	とめる
動作	消す	止まる
動作	消す	とまる
動作	消す	消える
動作	消す	きえる
動作	混ぜる	混ぜる
動作	混ぜる	まぜる
動作	混ぜる	混ぜ合わせる
動作	混ぜる	まぜあわせる
動作	混ぜる	混ぜ合わす
動作	混ぜる	混ぜあわす
動作	混ぜる	まぜあわす
動作	混ぜる	混ぜ合う
動作	混ぜる	掻き混ぜる
動作	混ぜる	掻きまぜる
動作	混ぜる	かき混ぜる
動作	混ぜる	かきまぜる
動作	混ぜる	かき回す
動作	混ぜる	かきまわす
動作	混ぜる	合わせる
動作	混ぜる	合せる
動作	混ぜる	あわせる
動作	混ぜる	合わす
動作	混ぜる	合す
動作	混ぜる	すり混ぜる
動作	混ぜる	合わさる
動作	混ぜる	あわさる
動作	混ぜる	混じる
動作	混ぜる	まじる
動作	混ぜる	混ざる
動作	混ぜる	まざる
動作	注ぐ	注ぐ
動作	注ぐ	そそぐ
動作	注ぐ	注ぎ入れる
動作	注ぐ	注ぎいれる
動作	注ぐ	そそぎいれる
動作	注ぐ	注ぎ込む
動作	注ぐ	注す
動作	流す	流す
動作	流す	ながす
動作	流す	流し入れる
動作	流す	流しいれる
動作	流す	ながしいれる
動作	流す	流し込む
動作	流す	ながしこむ
動作	流す	流れ込む
動作	流す	流る
動作	流す	流れる
動作	流す	ながれる
動作	散る	散る
動作	散る	ちる
動作	散る	散らす
動作	散る	ちらす
動作	散る	散りばめる
動作	散る	ちりばめる
動作	散る	振り掛ける
動作	散る	振掛ける
動作	散る	振りかける
動作	散る	ふりかける
動作	散る	振る
動作	散る	ふる
動作	散る	撒く
動作	散る	まく
動作	散る	振りまく
動作	散る	ばらまく
動作	散る	かける
動作	のせる	のせる
動作	のせる	乗せる
動作	のせる	載せる
動作	のせる	のっける
動作	のせる	乗っける
動作	のせる	載っける
動作	のせる	掛ける
動作	のせる	かける
動作	のせる	被せる
動作	のせる	かぶせる
動作	のせる	のる
動作	のせる	乗る
動作	のせる	載る
動作	捌く	捌く
動作	捌く	さばく
動作	捌く	おろす
動作	炒める	炒める
動作	炒める	いためる
動作	炒める	炒る
動作	炒める	炒め合わせる
動作	炒める	炒めあわせる
動作	炒める	炒め合わす
動作	炒める	炒めあわす
動作	煮る	煮る
動作	煮る	にる
動作	煮る	煮詰める
動作	煮る	煮つめる
動作	煮る	煮詰まる 
動作	煮る	煮つまる
動作	煮る	煮立てる
動作	煮る	煮たてる
動作	煮る	煮切る
動作	煮る	煮きる
動作	煮る	煮含める
動作	煮る	煮上がる
動作	煮る	煮つける
動作	煮る	煮詰る
動作	煮る	煮込む
動作	煮る	煮立つ
動作	煮る	煮える
動作	煮る	にえる
動作	焼く	焼く
動作	焼く	やく
動作	焼く	焼き上げる
動作	焼く	やきあげる
動作	焼く	焼き付ける
動作	焼く	焼付ける
動作	焼く	焼きつける
動作	焼く	焼ける
動作	炙る	炙る
動作	炙る	あぶる
動作	炙る	焙る
動作	炙る	煎る
動作	炙る	燻す
動作	燃える	燃える
動作	焦げる	焦げる
動作	焦げる	こげる
動作	焦げる	焦げ付く
動作	焦げる	焦げつく
動作	焦げる	こげ付く
動作	焦げる	こげつく
動作	焦げる	焦がす
動作	焦げる	こがす
動作	あたためる	あたためる
動作	あたためる	温める
動作	あたためる	暖める
動作	あたためる	あたたためる
動作	あたためる	あたたまる
動作	あたためる	温まる
動作	あたためる	暖まる
動作	あたためる	熱す
動作	あたためる	あっためる
動作	あたためる	あったまる
動作	揚げる	揚げる
動作	揚げる	あげる
動作	揚げる	揚がる
動作	揚げる	あがる
動作	揚げる	揚る
動作	茹でる	茹でる
動作	茹でる	ゆでる
動作	茹でる	湯掻く
動作	茹でる	湯がく
動作	茹でる	ゆがく
動作	茹でる	茹だる
動作	茹でる	ゆだる
動作	茹でる	ゆであがる
動作	茹でる	ボイルする
動作	炊く	炊く
動作	炊く	たく
動作	炊く	炊き上がる
動作	炊く	炊きあがる
動作	炊く	炊き込む
動作	炊く	炊ける
動作	炊く	たける
動作	炊く	炊飯する
動作	沸く	沸く
動作	沸く	涌く
動作	沸く	湧く
動作	沸く	わく
動作	沸く	沸かす
動作	沸く	涌かす
動作	沸く	湧かす
動作	沸く	わかす
動作	沸く	沸騰させる
動作	沸く	沸騰する
動作	吹き出る	吹き出る
動作	吹き出る	吹きこぼれる
動作	吹き出る	ふきこぼれる
動作	吹き出る	溢れる
動作	吹き出る	こぼれる
動作	吹き出る	漏れる
動作	吹き出る	もれる
動作	吹き出る	噴き出す
動作	吹き出る	流れ出す
動作	吹き出る	流れ出る
動作	吹き出る	あふれでる
動作	吹き出る	あふれる
動作	蒸す	蒸す
動作	蒸す	むす
動作	蒸す	蒸らす
動作	蒸す	むらす
動作	蒸す	蒸かす
動作	蒸す	ふかす
動作	いぶす	いぶす
動作	いぶす	燻す
動作	塞ぐ	塞ぐ
動作	塞ぐ	ふさぐ
動作	塞ぐ	塞がる
動作	塞ぐ	ふさがる
動作	開く	開く
動作	開く	ひらく
動作	開く	あく
動作	開く	切り開く
動作	開く	切開く
動作	開く	開ける
動作	開く	あける
動作	開く	押し開く
動作	刺す	刺す
動作	刺す	さす
動作	刺す	突き刺す
動作	刺す	つきさす
動作	刺す	刺さる
動作	刺す	ささる
動作	刺す	刺し通す
動作	刺す	刺せる
動作	刺す	させる
動作	外す	外す
動作	外す	はずす
動作	外す	取り外す
動作	外す	取外す
動作	外す	取りはずす
動作	外す	とりはずす
動作	外す	外れる
動作	外す	はずれる
動作	強める	強める
動作	強める	つよめる
動作	弱める	弱める
動作	弱める	よわめる
動作	弱める	細める
動作	弱める	ほそめる
動作	弱める	弱る
動作	弱める	よわる
動作	弱める	弱まる
動作	弱める	よわまる
動作	脹らむ	脹らむ
動作	脹らむ	膨らむ
動作	脹らむ	ふくらむ
動作	脹らむ	脹れる
動作	脹らむ	膨れる
動作	脹らむ	ふくれる
動作	脹らむ	脹らます
動作	脹らむ	膨らます
動作	脹らむ	ふくらませる
動作	しぼむ	しぼむ
動作	しぼむ	萎む
動作	しぼむ	縮む
動作	しぼむ	ちぢむ
動作	しぼむ	縮まる
動作	上げる	上げる
動作	上げる	あげる
動作	上げる	上がる
動作	上げる	あがる
動作	上げる	あける
動作	下げる	下げる
動作	下げる	さげる
動作	下げる	下がる
動作	下げる	さがる
動作	降ろす	降ろす
動作	降ろす	下ろす
動作	降ろす	下す
動作	降ろす	おろす
動作	降ろす	離す
動作	降ろす	降りる
動作	拭く	拭く
動作	拭く	ふく
動作	拭く	拭き取る
動作	拭く	ふきとる
動作	拭く	ふき取る
動作	拭く	拭う
動作	拭く	ぬぐう
動作	拭く	ぬぐい取る
動作	拭く	拭き込む
動作	乾く	乾く
動作	乾く	かわく
動作	乾く	乾かす
動作	乾く	かわかす
動作	乾く	干す
動作	乾く	乾す
動作	乾く	ほす
動作	濡らす	濡らす
動作	濡らす	ぬらす
動作	濡らす	濡れる
動作	濡らす	ぬれる
動作	濡らす	湿る
動作	濡らす	しめる
動作	くぐらせる	くぐらせる
動作	くぐらせる	潜らせる
動作	くぐらせる	くぐらす
動作	くぐらせる	潜らす
動作	くぐらせる	くぐす
動作	くぐらせる	潜す
動作	ふやかす	ふやかす
動作	ふやかす	ふやける
動作	洗う	洗う
動作	洗う	あらう
動作	洗う	洗い流す
動作	洗う	あらいながす
動作	洗う	研ぐ
動作	洗う	とぐ
動作	洗う	洗い落とす
動作	洗う	洗い直す
動作	洗う	洗える
動作	洗う	すすぐ
動作	寝かせる	寝かせる
動作	寝かせる	寝かす
動作	寝かせる	ねかせる
動作	寝かせる	ねかす
動作	寝かせる	休む
動作	寝かせる	やすむ
動作	寝かせる	寝る
動作	寝かせる	おく
動作	寝かせる	休める
動作	寝かせる	ねせる
動作	寝かせる	置く
動作	寝かせる	置ける
動作	寝かせる	寝せる
動作	冷める	冷める
動作	冷める	さめる
動作	冷める	冷ます
動作	冷める	さます
動作	冷める	冷やす
動作	冷める	冷す
動作	冷める	ひやす
動作	冷める	冷やかす
動作	冷める	冷える
動作	こおる	こおる
動作	こおる	凍る
動作	こおる	凍みる
動作	固める	固める
動作	固める	かためる
動作	固める	固まる
動作	固める	かたまる
動作	寄せる	寄せる
動作	寄せる	よせる
動作	寄せる	集める
動作	寄せる	あつめる
動作	寄せる	寄る
動作	寄せる	よる
動作	寄せる	集まる
動作	寄せる	あつまる
動作	揉む	揉む
動作	揉む	もむ
動作	揉む	揉み込む
動作	揉む	揉むこむ
動作	揉む	もみ込む
動作	揉む	もみこむ
動作	揉む	揉み合う
動作	揉む	揉みあう
動作	揉む	もみ合う
動作	揉む	もみあう
動作	練る	練る
動作	練る	ねる
動作	練る	練り合わせる
動作	練る	練り上げる
動作	握る	握る
動作	握る	にぎる
動作	握る	握れる
動作	こねる	こねる
動作	こねる	捏ねる
動作	ねじる	ねじる
動作	ねじる	捩る
動作	ねじる	捻じる
動作	ねじる	ひねる
動作	ねじる	捻る
動作	ねじる	よじる
動作	丸める	丸める
動作	丸める	まるめる
動作	丸める	丸まる
動作	丸める	かたちづくる
動作	丸める	形づくる
動作	丸める	形作る
動作	丸める	成形する
動作	丸める	成型する
動作	丸める	纏める
動作	丸める	まとめる
動作	丸める	纏まる
動作	丸める	まとまる
動作	丸める	丸まる
動作	包む	包む
動作	包む	つつむ
動作	包む	覆う
動作	包む	おおう
動作	包む	包み込む
動作	包む	包める
動作	包む	くるむ
動作	型どる	型どる
動作	型どる	かたどる
動作	くりぬく	くりぬく
動作	くりぬく	くり抜く
動作	くりぬく	くり貫く
動作	くりぬく	くりだす
動作	くりぬく	くり出す
動作	くりぬく	かきだす
動作	くりぬく	かぎだす
動作	くりぬく	かき出す
動作	くりぬく	掻き出す
動作	くりぬく	かきとる
動作	くりぬく	掘り出す
動作	くりぬく	ほじる
動作	くりぬく	ほじくる
動作	くりぬく	えぐる
動作	くりぬく	えぐりとる
動作	詰め込む	詰め込む
動作	詰め込む	詰めこむ
動作	詰め込む	つめこむ
動作	詰め込む	詰める
動作	詰め込む	詰る
動作	詰め込む	つめる
動作	詰め込む	押し込める
動作	詰め込む	押し詰める
動作	詰め込む	詰め込める
動作	詰め込む	押し込む
動作	詰め込む	詰まる
動作	詰め込む	つまる
動作	押し出す	押し出す
動作	押し出す	押しだす
動作	押し出す	おしだす
動作	押す	押す
動作	押す	おす
動作	押す	押さえる
動作	押す	おさえる
動作	押す	押さえつける
動作	押す	押せる
動作	取り出す	取り出す
動作	取り出す	取出す
動作	取り出す	取りだす
動作	取り出す	とりだす
動作	しごく	しごく
動作	しごく	扱く
動作	しごく	扱き出す
動作	しごく	扱きだす
動作	しごく	しごき出す
動作	しごく	しごきだす
動作	剥ぐ	剥ぐ
動作	剥ぐ	はぐ
動作	剥ぐ	剥く
動作	剥ぐ	むく
動作	剥ぐ	はぎ取る
動作	剥ぐ	はぎとる
動作	剥ぐ	取り除く
動作	剥ぐ	とり除く
動作	剥ぐ	とりのぞく
動作	剥ぐ	剥がす
動作	剥ぐ	はがす
動作	剥ぐ	除く
動作	剥ぐ	のぞく
動作	剥ぐ	取り去る
動作	剥ぐ	とりのける
動作	剥ぐ	剥げる
動作	剥ぐ	はげる
動作	剥ぐ	剥ける
動作	剥ぐ	むける
動作	剥ぐ	剥がれる
動作	剥ぐ	はがれる
動作	削る	削る
動作	削る	けずる
動作	削る	削ぐ
動作	削る	そぐ
動作	削る	削ぎ落す
動作	削る	こそぎ落とす
動作	削る	削げる
動作	削る	こそげる
動作	削る	削り取る
動作	削る	こそぐる
動作	ひっかく	ひっかく
動作	ひっかく	引っかく
動作	ひっかく	引っ掻く
動作	抜く	抜く
動作	抜く	ぬく
動作	抜く	抜き取る
動作	抜く	抜きとる
動作	抜く	切り抜く
動作	抜く	切りぬく
動作	抜く	抜き出す
動作	抜く	引き抜く
動作	抜く	抜かす
動作	抜く	抜ける
動作	抜く	ぬける
動作	搾る	搾る
動作	搾る	絞る
動作	搾る	しぼる
動作	搾る	絞り出す
動作	搾る	絞りだす
動作	すりおろす	すりおろす
動作	はたく	はたく
動作	はたく	払う
動作	はたく	はらう
動作	はたく	ふるい落とす
動作	こする	こする
動作	こする	擦る
動作	なでる	なでる
動作	なでる	撫でる
動作	磨く	磨く
動作	たたく	たたく
動作	たたく	叩く
動作	たたく	たたきつける
動作	砕く	砕く
動作	砕く	くだく
動作	砕く	砕ける
動作	砕く	くだける
動作	つぶす	つぶす
動作	つぶす	潰す
動作	つぶす	擂り潰す
動作	つぶす	磨り潰す
動作	つぶす	すり潰す
動作	つぶす	すりつぶす
動作	つぶす	つぶせる
動作	つぶす	潰せる
動作	つぶす	つぶれる
動作	つぶす	潰れる
動作	つぶす	握りつぶす
動作	つぶす	押しつぶす
動作	つぶす	たたきつぶす
動作	つぶす	マッシュする
動作	減らす	減らす
動作	減らす	へらす
動作	減らす	減じる
動作	減らす	減る
動作	減らす	へる
動作	捨てる	捨てる
動作	捨てる	棄てる
動作	捨てる	すてる
動作	振るう	振るう
動作	振るう	ふるう
動作	ゆすぶる	ゆすぶる
動作	ゆすぶる	ゆする
動作	ゆすぶる	揺する
動作	ゆすぶる	揺る
動作	ゆすぶる	揺り動かす
動作	ゆすぶる	ゆれる
動作	ゆすぶる	揺れる
動作	ゆすぶる	振る
動作	ゆすぶる	ふる
動作	ゆすぶる	振れる
動作	ゆすぶる	ふれる
動作	ゆすぶる	揺らす
動作	ゆすぶる	ゆらす
動作	付け合わせる	付け合わせる
動作	付け合わせる	付けあわせる
動作	付け合わせる	つけ合わせる
動作	付け合わせる	つけあわせる
動作	付け合わせる	盛り合わせる
動作	付け合わせる	盛りあわせる
動作	付け合わせる	もり合わせる
動作	付け合わせる	もりあわせる
動作	付け合わせる	添える
動作	付け合わせる	そえる
動作	付け合わせる	飾る
動作	付け合わせる	かざる
動作	付け合わせる	飾り付ける
動作	付け合わせる	飾りつける
動作	付け合わせる	かざり付ける
動作	付け合わせる	かざりつける
動作	よそう	よそう
動作	よそう	盛り付ける
動作	よそう	盛りつける
動作	よそう	もり付ける
動作	よそう	もりつける
動作	よそう	盛る
動作	よそう	もる
動作	転がす	転がす
動作	転がす	ころがす
動作	転がす	転がせる
動作	転がす	ころがせる
動作	転がす	転がる
動作	転がす	ころがる
動作	伸ばす	伸ばす
動作	伸ばす	伸す
動作	伸ばす	延ばす
動作	伸ばす	のばす
動作	伸ばす	伸ばせる
動作	伸ばす	伸びる
動作	伸ばす	延びる
動作	伸ばす	のびる
動作	敷く	敷く
動作	敷く	しく
動作	敷く	敷き詰める
動作	敷く	敷きつめる
動作	敷く	しきつめる
動作	引く	引く
動作	引く	ひく
動作	反る	反る
動作	反る	そる
動作	反る	反り返る
動作	反る	反りかえる
動作	反る	そり返る
動作	反る	そりかえる
動作	溶かす	溶かす
動作	溶かす	融かす
動作	溶かす	とかす
動作	溶かす	溶ける
動作	溶かす	融ける
動作	溶かす	解ける
動作	溶かす	とける
動作	溶かす	溶く
動作	溶かす	解く
動作	溶かす	とく
動作	溶かす	溶けだす
動作	溶かす	溶け込む
動作	溶かす	煮溶かす
動作	溶かす	とろける
動作	溶かす	蕩ける
動作	溶かす	とろかす
動作	溶かす	蕩かす
動作	吊る	吊る
動作	立てかける	立てかける
動作	張る	張る
動作	張る	はる
動作	満たす	満たす
動作	換える	換える
動作	換える	替える
動作	換える	かえる
動作	換える	取り換える
動作	換える	取り替える
動作	換える	取替える
動作	換える	取りかえる
動作	換える	とりかえる
動作	換える	入れ替える
動作	換える	いれかえる
動作	換える	置き換える
動作	換える	持ち替える
動作	換える	入れ直す
動作	折る	折る
動作	折る	おる
動作	折る	折り曲げる
動作	折る	おりまげる
動作	折る	折り畳む
動作	折る	折りたたむ
動作	折る	おりたたむ
動作	折る	折り返す
動作	折る	折返す
動作	折る	折りかえす
動作	折る	おりかえす
動作	折る	折り込む
動作	折る	折込む
動作	折る	折りこむ
動作	折る	畳む
動作	折る	たたむ
動作	折る	折り重ねる
動作	折る	折畳む
動作	折る	折り合う
動作	折る	折れる
動作	折る	手折る
動作	折る	たたみこむ
動作	重ねる	重ねる
動作	重ねる	かさねる
動作	重ねる	重なる
動作	うらがえす	うらがえす
動作	うらがえす	裏返す
動作	うらがえす	ひっくりかえす
動作	うらがえす	ひっくり返す
動作	うらがえす	引っくり返す
動作	うらがえす	ひっくり返せる
動作	うらがえす	ひっくり返る
動作	挟む	挟む
動作	挟む	はさむ
動作	挟む	挟み込む
動作	挟む	はさみこむ
動作	挟む	差し込む
動作	挟む	さしこむ
動作	挟む	挟める
動作	挟む	はさめる
動作	挟む	挟まる
動作	結ぶ	結ぶ
動作	結ぶ	縛る
動作	結ぶ	しばる
動作	結ぶ	結う
動作	結ぶ	くくる
動作	からみつく	からみつく
動作	からみつく	絡みつく
動作	からみつく	まとわりつく
動作	からみつく	ひっつく
動作	からみつく	ひっ付く
動作	からみつく	引っ付く
動作	くっつく	くっつく
動作	くっつく	ひっつく
動作	くっつく	ひっ付く
動作	くっつく	引っ付く
動作	くっつく	はりつく
動作	くっつく	張りつく
動作	くっつく	貼り付く
動作	くっつく	張り付く
動作	くっつく	はりつける
動作	くっつく	張りつける
動作	くっつく	張り付ける
動作	くっつく	こびりつく
動作	くっつく	こびり付く
動作	くっつく	貼る
動作	まぶす	まぶす
動作	まぶす	塗す
動作	まぶす	擦り付ける
動作	まぶす	すりつける
動作	まぶす	つける
動作	まぶす	まぶしつける
動作	まぶす	被せる
動作	まぶす	かぶせる
動作	まぶす	掛かる
動作	まぶす	かかる
動作	まぶす	被る
動作	まぶす	かぶる
動作	塗る	塗る
動作	塗る	ぬる
動作	塗る	塗り付ける
動作	塗る	塗りつける
動作	塗る	ぬりつける
動作	塗る	塗りたくる
動作	塗る	ぬりたくる
動作	絡める	絡める
動作	絡める	からめる
動作	絡める	絡ませる
動作	絡める	からませる
動作	絡める	絡ます
動作	絡める	からます
動作	絡める	絡まる
動作	絡める	からまる
動作	絡める	絡む
動作	絡める	からむ
動作	絡める	和える
動作	なじむ	なじむ
動作	なじむ	馴染む
動作	なじむ	なじめる
動作	なじむ	馴染める
動作	巻く	巻く
動作	巻く	まく
動作	巻く	巻き込む
動作	巻く	巻きこむ
動作	巻く	まきこむ
動作	巻く	巻き上げる
動作	並べる	並べる
動作	並べる	ならべる
動作	並べる	並ぶ
動作	並べる	広げる
動作	並べる	拡げる
動作	並べる	ひろげる
動作	並べる	広がる
動作	並べる	ひろがる
動作	そろう	そろう
動作	そろう	揃う
動作	わける	わける
動作	わける	分ける
動作	わける	別ける
動作	わける	切り分ける
動作	わける	切りわける
動作	わける	わかれる
動作	わける	分かれる
動作	わける	別れる
動作	割る	割る
動作	割る	わる
動作	割る	割れる
動作	割る	われる
動作	ほぐす	ほぐす
動作	ほぐす	崩す
動作	ほぐす	くずす
動作	ほぐす	溶きほぐす
動作	ほぐす	解きほぐす
動作	ほぐす	ときほぐす
動作	ほぐす	割りほぐす
動作	ほぐす	揉みほぐす
動作	ほぐす	解れる
動作	ほぐす	ほぐれる
動作	ほぐす	崩れる
動作	ほぐす	くずれる
動作	吸い込む	吸い込む
動作	吸い込む	吸いこむ
動作	吸い込む	すいこむ
動作	吸い込む	吸い取る
動作	吸い込む	すいとる
動作	吸い込む	吸う
動作	吸い込む	すう
動作	吸い込む	吸い上げる
動作	噴く	噴く
動作	噴く	ふく
動作	吹きかける	吹きかける
動作	吹きかける	吹き掛ける
動作	吹きかける	ふきかける
動作	飛ばす	飛ばす
動作	飛ばす	とばす
動作	飛ばす	飛ばせる
動作	測る	測る
動作	測る	計る
動作	測る	量る
動作	測る	はかる
動作	測る	計量する
動作	味付ける	味付ける
動作	濾す	濾す
動作	濾す	漉す
動作	濾す	こす
動作	濾す	こせる
動作	泡立つ	泡立つ
動作	泡立つ	泡だつ
動作	泡立つ	あわ立つ
動作	泡立つ	あわだつ
動作	泡立つ	泡立てる
動作	泡立つ	泡だてる
動作	泡立つ	あわ立てる
動作	泡立つ	あわだてる
動作	掬う	掬う
動作	掬う	すくう
動作	掬う	すくえる
動作	掬う	すくいだす
動作	掬う	とりのぞく
動作	掬う	取り除く
動作	掬う	すくいあげる
動作	掬う	除く
動作	掬う	のぞく
動作	移す	移す
動作	移す	うつす
動作	移す	移せる
動作	移す	うつしだす
動作	移す	うつる
動作	作る	作る
動作	作る	つくる
動作	作る	作れる
動作	作る	つくれる
動作	繰り返す	繰り返す
動作	繰り返す	繰返す
動作	繰り返す	繰りかえす
動作	繰り返す	くりかえす
動作	扇ぐ	扇ぐ
動作	扇ぐ	あおぐ
動作	扇ぐ	煽ぐ
動作	扇ぐ	仰ぐ
動作	扇ぐ	あおる
動作	描く	描く
動作	描く	書く
動作	描く	かく
動作	描く	えがく
動作	描く	書き込む
動作	描く	描ける
動作	澄む	澄む
動作	澄む	透き通る
動作	澄む	透きとおる
動作	澄む	すきとおる
動作	澄む	透ける
動作	澄む	すける
動作	浮く	浮く
動作	浮く	うく
動作	浮く	浮かび上がる
動作	浮く	浮き上がる
動作	浮く	浮かせる
動作	浮く	浮かぶ
動作	さらう	さらう
動作	におう	におう
